Year,Month,Variable,101
1895,1,mintemp,1.1
1895,2,mintemp,-3.3
1895,3,mintemp,5.2
1895,4,mintemp,10.4
1895,5,mintemp,14.5
1895,6,mintemp,18.7
1895,7,mintemp,20.4
1895,8,mintemp,20.4
1895,9,mintemp,18.7
1895,10,mintemp,7
1895,11,mintemp,5.5
1895,12,mintemp,0.8
1896,1,mintemp,1.3
1896,2,mintemp,2.3
1896,3,mintemp,4.4
1896,4,mintemp,13.2
1896,5,mintemp,17.4
1896,6,mintemp,19
1896,7,mintemp,21.6
1896,8,mintemp,21.6
1896,9,mintemp,17.2
1896,10,mintemp,10.3
1896,11,mintemp,8.1
1896,12,mintemp,1.4
1897,1,mintemp,-0.2
1897,2,mintemp,4.4
1897,3,mintemp,9.4
1897,4,mintemp,9.5
1897,5,mintemp,13
1897,6,mintemp,19.9
1897,7,mintemp,21.1
1897,8,mintemp,20.1
1897,9,mintemp,16.6
1897,10,mintemp,10.5
1897,11,mintemp,4.3
1897,12,mintemp,2.9
1898,1,mintemp,3.9
1898,2,mintemp,0.9
1898,3,mintemp,9.5
1898,4,mintemp,7.7
1898,5,mintemp,15.6
1898,6,mintemp,20.1
1898,7,mintemp,21
1898,8,mintemp,20.8
1898,9,mintemp,18.1
1898,10,mintemp,9.7
1898,11,mintemp,4.1
1898,12,mintemp,1.1
1899,1,mintemp,1.4
1899,2,mintemp,-1
1899,3,mintemp,6.4
1899,4,mintemp,10.3
1899,5,mintemp,16.9
1899,6,mintemp,19.7
1899,7,mintemp,20.2
1899,8,mintemp,21.1
1899,9,mintemp,14.7
1899,10,mintemp,12.3
1899,11,mintemp,5.5
1899,12,mintemp,1
1900,1,mintemp,-0.7
1900,2,mintemp,-0.2
1900,3,mintemp,4.6
1900,4,mintemp,10.5
1900,5,mintemp,13.9
1900,6,mintemp,19.6
1900,7,mintemp,20.6
1900,8,mintemp,20.5
1900,9,mintemp,18.6
1900,10,mintemp,14.7
1900,11,mintemp,6.6
1900,12,mintemp,1.6
1901,1,mintemp,1.3
1901,2,mintemp,-0.1
1901,3,mintemp,5
1901,4,mintemp,7.4
1901,5,mintemp,13.4
1901,6,mintemp,19
1901,7,mintemp,20.5
1901,8,mintemp,18.8
1901,9,mintemp,15.8
1901,10,mintemp,8.9
1901,11,mintemp,1
1901,12,mintemp,-0.7
1902,1,mintemp,-0.7
1902,2,mintemp,-0.4
1902,3,mintemp,6.5
1902,4,mintemp,9
1902,5,mintemp,17
1902,6,mintemp,20
1902,7,mintemp,21.5
1902,8,mintemp,21.3
1902,9,mintemp,16.6
1902,10,mintemp,10.3
1902,11,mintemp,7.4
1902,12,mintemp,1.4
1903,1,mintemp,0.9
1903,2,mintemp,2.6
1903,3,mintemp,10.3
1903,4,mintemp,8.7
1903,5,mintemp,14.1
1903,6,mintemp,16
1903,7,mintemp,20
1903,8,mintemp,20.6
1903,9,mintemp,15.2
1903,10,mintemp,9.2
1903,11,mintemp,4.1
1903,12,mintemp,-2.9
1904,1,mintemp,-1.4
1904,2,mintemp,2.9
1904,3,mintemp,7.3
1904,4,mintemp,8.4
1904,5,mintemp,12.5
1904,6,mintemp,17.6
1904,7,mintemp,18.7
1904,8,mintemp,19.3
1904,9,mintemp,16.7
1904,10,mintemp,8.4
1904,11,mintemp,1.7
1904,12,mintemp,-0.4
1905,1,mintemp,-2.9
1905,2,mintemp,-1.8
1905,3,mintemp,8.1
1905,4,mintemp,10.7
1905,5,mintemp,17.4
1905,6,mintemp,18.9
1905,7,mintemp,19.2
1905,8,mintemp,19.4
1905,9,mintemp,16
1905,10,mintemp,10.7
1905,11,mintemp,5.8
1905,12,mintemp,0.9
1906,1,mintemp,1.5
1906,2,mintemp,0.5
1906,3,mintemp,4.8
1906,4,mintemp,10.2
1906,5,mintemp,13.8
1906,6,mintemp,19
1906,7,mintemp,19.9
1906,8,mintemp,20.9
1906,9,mintemp,20.1
1906,10,mintemp,9.6
1906,11,mintemp,5.2
1906,12,mintemp,4.4
1907,1,mintemp,6
1907,2,mintemp,2.4
1907,3,mintemp,10.7
1907,4,mintemp,8.1
1907,5,mintemp,14
1907,6,mintemp,17.1
1907,7,mintemp,20.6
1907,8,mintemp,19.7
1907,9,mintemp,17.3
1907,10,mintemp,9.9
1907,11,mintemp,4.9
1907,12,mintemp,2.8
1908,1,mintemp,1.3
1908,2,mintemp,1
1908,3,mintemp,10.4
1908,4,mintemp,13
1908,5,mintemp,14.8
1908,6,mintemp,18.1
1908,7,mintemp,20.3
1908,8,mintemp,19.8
1908,9,mintemp,16.7
1908,10,mintemp,7.7
1908,11,mintemp,7.3
1908,12,mintemp,4
1909,1,mintemp,4.3
1909,2,mintemp,3.2
1909,3,mintemp,6.7
1909,4,mintemp,10.2
1909,5,mintemp,13.2
1909,6,mintemp,18.9
1909,7,mintemp,19.9
1909,8,mintemp,19.8
1909,9,mintemp,17.1
1909,10,mintemp,8.3
1909,11,mintemp,6.4
1909,12,mintemp,-1.2
1910,1,mintemp,1.4
1910,2,mintemp,0.8
1910,3,mintemp,8.3
1910,4,mintemp,9
1910,5,mintemp,13
1910,6,mintemp,17.6
1910,7,mintemp,21.8
1910,8,mintemp,19.9
1910,9,mintemp,17.7
1910,10,mintemp,11.6
1910,11,mintemp,2.8
1910,12,mintemp,-1.1
1911,1,mintemp,3.8
1911,2,mintemp,6.1
1911,3,mintemp,6.5
1911,4,mintemp,11.2
1911,5,mintemp,14.8
1911,6,mintemp,19.7
1911,7,mintemp,19.3
1911,8,mintemp,20.3
1911,9,mintemp,20.3
1911,10,mintemp,14.3
1911,11,mintemp,3.6
1911,12,mintemp,4.1
1912,1,mintemp,-1.1
1912,2,mintemp,-0.4
1912,3,mintemp,5.1
1912,4,mintemp,11.8
1912,5,mintemp,15.2
1912,6,mintemp,18.2
1912,7,mintemp,20.5
1912,8,mintemp,20.1
1912,9,mintemp,19.1
1912,10,mintemp,12.3
1912,11,mintemp,1.5
1912,12,mintemp,3.4
1913,1,mintemp,5
1913,2,mintemp,2.3
1913,3,mintemp,6.7
1913,4,mintemp,9.4
1913,5,mintemp,14.1
1913,6,mintemp,17.7
1913,7,mintemp,21
1913,8,mintemp,19.7
1913,9,mintemp,16
1913,10,mintemp,8.5
1913,11,mintemp,4.5
1913,12,mintemp,3.3
1914,1,mintemp,2.4
1914,2,mintemp,1.7
1914,3,mintemp,3.3
1914,4,mintemp,10.5
1914,5,mintemp,14.5
1914,6,mintemp,20
1914,7,mintemp,19.4
1914,8,mintemp,19.9
1914,9,mintemp,16.8
1914,10,mintemp,11.6
1914,11,mintemp,3.1
1914,12,mintemp,2
1915,1,mintemp,0.5
1915,2,mintemp,3.4
1915,3,mintemp,1.1
1915,4,mintemp,9.9
1915,5,mintemp,17.3
1915,6,mintemp,19
1915,7,mintemp,20
1915,8,mintemp,20
1915,9,mintemp,17.6
1915,10,mintemp,12.9
1915,11,mintemp,5.8
1915,12,mintemp,1.3
1916,1,mintemp,5.6
1916,2,mintemp,0.8
1916,3,mintemp,5
1916,4,mintemp,9.3
1916,5,mintemp,15.3
1916,6,mintemp,18.7
1916,7,mintemp,21.1
1916,8,mintemp,20.3
1916,9,mintemp,16.1
1916,10,mintemp,9.7
1916,11,mintemp,4
1916,12,mintemp,2.2
1917,1,mintemp,5
1917,2,mintemp,2.4
1917,3,mintemp,6.4
1917,4,mintemp,9.9
1917,5,mintemp,10.6
1917,6,mintemp,17.9
1917,7,mintemp,20.3
1917,8,mintemp,19.6
1917,9,mintemp,16.6
1917,10,mintemp,6.2
1917,11,mintemp,2.7
1917,12,mintemp,-1.7
1918,1,mintemp,-2.6
1918,2,mintemp,4.8
1918,3,mintemp,9.7
1918,4,mintemp,9.8
1918,5,mintemp,15.1
1918,6,mintemp,19.4
1918,7,mintemp,18.5
1918,8,mintemp,20.1
1918,9,mintemp,14.4
1918,10,mintemp,14.8
1918,11,mintemp,4.8
1918,12,mintemp,5.1
1919,1,mintemp,-0.4
1919,2,mintemp,2.3
1919,3,mintemp,6
1919,4,mintemp,9.2
1919,5,mintemp,14.4
1919,6,mintemp,19.9
1919,7,mintemp,20.5
1919,8,mintemp,20.4
1919,9,mintemp,16.4
1919,10,mintemp,17.9
1919,11,mintemp,7.3
1919,12,mintemp,1.7
1920,1,mintemp,3
1920,2,mintemp,1.9
1920,3,mintemp,4.6
1920,4,mintemp,10.2
1920,5,mintemp,15.2
1920,6,mintemp,18.6
1920,7,mintemp,20.4
1920,8,mintemp,19.8
1920,9,mintemp,18.7
1920,10,mintemp,9.2
1920,11,mintemp,3.5
1920,12,mintemp,1.8
1921,1,mintemp,3.5
1921,2,mintemp,3.6
1921,3,mintemp,10.9
1921,4,mintemp,9.6
1921,5,mintemp,14
1921,6,mintemp,19.8
1921,7,mintemp,21.1
1921,8,mintemp,20.8
1921,9,mintemp,20.7
1921,10,mintemp,9.1
1921,11,mintemp,7.4
1921,12,mintemp,4
1922,1,mintemp,3.4
1922,2,mintemp,6.5
1922,3,mintemp,7.1
1922,4,mintemp,12.5
1922,5,mintemp,16.1
1922,6,mintemp,19.3
1922,7,mintemp,20.3
1922,8,mintemp,19.3
1922,9,mintemp,18
1922,10,mintemp,11.7
1922,11,mintemp,6.7
1922,12,mintemp,6.7
1923,1,mintemp,4
1923,2,mintemp,2.4
1923,3,mintemp,6.1
1923,4,mintemp,10.4
1923,5,mintemp,14.9
1923,6,mintemp,19.1
1923,7,mintemp,19.8
1923,8,mintemp,20.6
1923,9,mintemp,17.8
1923,10,mintemp,10.2
1923,11,mintemp,3.9
1923,12,mintemp,7.2
1924,1,mintemp,-2
1924,2,mintemp,1.8
1924,3,mintemp,4.1
1924,4,mintemp,9.8
1924,5,mintemp,12.4
1924,6,mintemp,19.7
1924,7,mintemp,19.5
1924,8,mintemp,20.6
1924,9,mintemp,16.4
1924,10,mintemp,8.9
1924,11,mintemp,4.7
1924,12,mintemp,2.9
1925,1,mintemp,2.7
1925,2,mintemp,4.6
1925,3,mintemp,6.3
1925,4,mintemp,11.9
1925,5,mintemp,13.1
1925,6,mintemp,19.7
1925,7,mintemp,20.7
1925,8,mintemp,19.6
1925,9,mintemp,20.2
1925,10,mintemp,11.3
1925,11,mintemp,5.3
1925,12,mintemp,0.5
1926,1,mintemp,1.9
1926,2,mintemp,4.1
1926,3,mintemp,3.2
1926,4,mintemp,8.4
1926,5,mintemp,13.3
1926,6,mintemp,18.5
1926,7,mintemp,19.2
1926,8,mintemp,21.2
1926,9,mintemp,20.1
1926,10,mintemp,11.7
1926,11,mintemp,3.4
1926,12,mintemp,3.9
1927,1,mintemp,2.9
1927,2,mintemp,8.3
1927,3,mintemp,7
1927,4,mintemp,12.6
1927,5,mintemp,15.1
1927,6,mintemp,19.5
1927,7,mintemp,20
1927,8,mintemp,19.8
1927,9,mintemp,17.4
1927,10,mintemp,11.3
1927,11,mintemp,8.5
1927,12,mintemp,2.1
1928,1,mintemp,0
1928,2,mintemp,2.1
1928,3,mintemp,6.3
1928,4,mintemp,8.6
1928,5,mintemp,13.2
1928,6,mintemp,18.5
1928,7,mintemp,21.2
1928,8,mintemp,20.9
1928,9,mintemp,15.9
1928,10,mintemp,12.7
1928,11,mintemp,4.9
1928,12,mintemp,0.8
1929,1,mintemp,2.6
1929,2,mintemp,1.5
1929,3,mintemp,8.2
1929,4,mintemp,12.3
1929,5,mintemp,15.3
1929,6,mintemp,18.1
1929,7,mintemp,19.7
1929,8,mintemp,19.3
1929,9,mintemp,17.7
1929,10,mintemp,9.8
1929,11,mintemp,7.5
1929,12,mintemp,-0.2
1930,1,mintemp,1.1
1930,2,mintemp,4.2
1930,3,mintemp,4.5
1930,4,mintemp,9.6
1930,5,mintemp,15.4
1930,6,mintemp,16.7
1930,7,mintemp,20.6
1930,8,mintemp,18.8
1930,9,mintemp,18.7
1930,10,mintemp,9.3
1930,11,mintemp,6.3
1930,12,mintemp,0.7
1931,1,mintemp,0.1
1931,2,mintemp,2.2
1931,3,mintemp,3.1
1931,4,mintemp,8.5
1931,5,mintemp,12.2
1931,6,mintemp,17.7
1931,7,mintemp,21
1931,8,mintemp,18.6
1931,9,mintemp,18.4
1931,10,mintemp,12.4
1931,11,mintemp,8
1931,12,mintemp,7.5
1932,1,mintemp,5.5
1932,2,mintemp,7.5
1932,3,mintemp,3.8
1932,4,mintemp,10.2
1932,5,mintemp,13.8
1932,6,mintemp,19
1932,7,mintemp,21.3
1932,8,mintemp,20.8
1932,9,mintemp,17.4
1932,10,mintemp,9.6
1932,11,mintemp,3.6
1932,12,mintemp,4.3
1933,1,mintemp,5.1
1933,2,mintemp,3.2
1933,3,mintemp,5.4
1933,4,mintemp,9.8
1933,5,mintemp,16.7
1933,6,mintemp,17.6
1933,7,mintemp,19.6
1933,8,mintemp,19.7
1933,9,mintemp,18.1
1933,10,mintemp,11.2
1933,11,mintemp,4.2
1933,12,mintemp,6.4
1934,1,mintemp,3.7
1934,2,mintemp,-1.9
1934,3,mintemp,4.6
1934,4,mintemp,10.1
1934,5,mintemp,15
1934,6,mintemp,20
1934,7,mintemp,21.5
1934,8,mintemp,21.3
1934,9,mintemp,16.3
1934,10,mintemp,11.2
1934,11,mintemp,5.9
1934,12,mintemp,1.6
1935,1,mintemp,2.8
1935,2,mintemp,2.2
1935,3,mintemp,8.8
1935,4,mintemp,11.2
1935,5,mintemp,15.3
1935,6,mintemp,17.5
1935,7,mintemp,20.6
1935,8,mintemp,21
1935,9,mintemp,16.5
1935,10,mintemp,10.7
1935,11,mintemp,6.7
1935,12,mintemp,-1.6
1936,1,mintemp,-0.4
1936,2,mintemp,0.6
1936,3,mintemp,7.4
1936,4,mintemp,9.3
1936,5,mintemp,15.2
1936,6,mintemp,18.9
1936,7,mintemp,21
1936,8,mintemp,20.5
1936,9,mintemp,18.8
1936,10,mintemp,12.3
1936,11,mintemp,4.4
1936,12,mintemp,4.4
1937,1,mintemp,10.4
1937,2,mintemp,2.8
1937,3,mintemp,4.3
1937,4,mintemp,8.9
1937,5,mintemp,15
1937,6,mintemp,19.9
1937,7,mintemp,19.6
1937,8,mintemp,20.9
1937,9,mintemp,16.2
1937,10,mintemp,10.5
1937,11,mintemp,3.9
1937,12,mintemp,1.7
1938,1,mintemp,2.4
1938,2,mintemp,5.7
1938,3,mintemp,9.7
1938,4,mintemp,10.4
1938,5,mintemp,15.5
1938,6,mintemp,18.4
1938,7,mintemp,20.5
1938,8,mintemp,20.9
1938,9,mintemp,16.3
1938,10,mintemp,9.7
1938,11,mintemp,5.6
1938,12,mintemp,1.6
1939,1,mintemp,2.6
1939,2,mintemp,4.7
1939,3,mintemp,7.1
1939,4,mintemp,9
1939,5,mintemp,14.5
1939,6,mintemp,20.1
1939,7,mintemp,20.2
1939,8,mintemp,19.5
1939,9,mintemp,17.8
1939,10,mintemp,10.5
1939,11,mintemp,3.4
1939,12,mintemp,2
1940,1,mintemp,-5.8
1940,2,mintemp,1.5
1940,3,mintemp,5.2
1940,4,mintemp,10.2
1940,5,mintemp,11.9
1940,6,mintemp,18.5
1940,7,mintemp,19.9
1940,8,mintemp,20.6
1940,9,mintemp,14.8
1940,10,mintemp,9.3
1940,11,mintemp,5.5
1940,12,mintemp,4.7
1941,1,mintemp,1.7
1941,2,mintemp,-0.2
1941,3,mintemp,2.8
1941,4,mintemp,11.2
1941,5,mintemp,14.7
1941,6,mintemp,19.4
1941,7,mintemp,21.4
1941,8,mintemp,20.8
1941,9,mintemp,18.5
1941,10,mintemp,14.9
1941,11,mintemp,4.2
1941,12,mintemp,3.2
1942,1,mintemp,-1
1942,2,mintemp,0.9
1942,3,mintemp,5.8
1942,4,mintemp,9.3
1942,5,mintemp,14.4
1942,6,mintemp,19.5
1942,7,mintemp,21
1942,8,mintemp,19.6
1942,9,mintemp,16.2
1942,10,mintemp,10.6
1942,11,mintemp,5.9
1942,12,mintemp,3
1943,1,mintemp,3
1943,2,mintemp,2.5
1943,3,mintemp,5.3
1943,4,mintemp,9.8
1943,5,mintemp,15.9
1943,6,mintemp,21
1943,7,mintemp,21.6
1943,8,mintemp,20.9
1943,9,mintemp,15.6
1943,10,mintemp,8.6
1943,11,mintemp,1.8
1943,12,mintemp,1.6
1944,1,mintemp,1.6
1944,2,mintemp,6.7
1944,3,mintemp,6.7
1944,4,mintemp,9.9
1944,5,mintemp,15.1
1944,6,mintemp,19.4
1944,7,mintemp,19.3
1944,8,mintemp,20.4
1944,9,mintemp,18.4
1944,10,mintemp,8.4
1944,11,mintemp,5.4
1944,12,mintemp,1
1945,1,mintemp,1.1
1945,2,mintemp,4.9
1945,3,mintemp,10.8
1945,4,mintemp,11.5
1945,5,mintemp,13.1
1945,6,mintemp,19
1945,7,mintemp,20.8
1945,8,mintemp,20.2
1945,9,mintemp,19
1945,10,mintemp,9.9
1945,11,mintemp,6.5
1945,12,mintemp,-0.7
1946,1,mintemp,3.1
1946,2,mintemp,2.2
1946,3,mintemp,9
1946,4,mintemp,11.5
1946,5,mintemp,14.8
1946,6,mintemp,18
1946,7,mintemp,20.8
1946,8,mintemp,18.9
1946,9,mintemp,16.8
1946,10,mintemp,10.1
1946,11,mintemp,9.6
1946,12,mintemp,2.9
1947,1,mintemp,4.7
1947,2,mintemp,-2.6
1947,3,mintemp,2.3
1947,4,mintemp,11.7
1947,5,mintemp,13.8
1947,6,mintemp,18.5
1947,7,mintemp,17.9
1947,8,mintemp,20.9
1947,9,mintemp,18.5
1947,10,mintemp,14.2
1947,11,mintemp,5.7
1947,12,mintemp,1.8
1948,1,mintemp,-2.1
1948,2,mintemp,5.1
1948,3,mintemp,8.7
1948,4,mintemp,12.5
1948,5,mintemp,14
1948,6,mintemp,18.8
1948,7,mintemp,20.6
1948,8,mintemp,19.6
1948,9,mintemp,15.9
1948,10,mintemp,6.9
1948,11,mintemp,6.4
1948,12,mintemp,3.6
1949,1,mintemp,5.8
1949,2,mintemp,4.9
1949,3,mintemp,4.9
1949,4,mintemp,9.6
1949,5,mintemp,14.8
1949,6,mintemp,19.2
1949,7,mintemp,21.5
1949,8,mintemp,20.3
1949,9,mintemp,15.9
1949,10,mintemp,15.1
1949,11,mintemp,2.4
1949,12,mintemp,2.5
1950,1,mintemp,10.1
1950,2,mintemp,4.6
1950,3,mintemp,4.4
1950,4,mintemp,7.3
1950,5,mintemp,16.7
1950,6,mintemp,18.5
1950,7,mintemp,19.3
1950,8,mintemp,17.4
1950,9,mintemp,16.6
1950,10,mintemp,11.8
1950,11,mintemp,1
1950,12,mintemp,-1
1951,1,mintemp,1.3
1951,2,mintemp,2.2
1951,3,mintemp,6.7
1951,4,mintemp,8.4
1951,5,mintemp,12.1
1951,6,mintemp,18.6
1951,7,mintemp,20.2
1951,8,mintemp,20.4
1951,9,mintemp,18
1951,10,mintemp,11.5
1951,11,mintemp,2.2
1951,12,mintemp,3
1952,1,mintemp,5.2
1952,2,mintemp,3.7
1952,3,mintemp,4.4
1952,4,mintemp,8
1952,5,mintemp,14
1952,6,mintemp,20.5
1952,7,mintemp,20.2
1952,8,mintemp,20
1952,9,mintemp,15.1
1952,10,mintemp,5.5
1952,11,mintemp,3.2
1952,12,mintemp,0.8
1953,1,mintemp,2.8
1953,2,mintemp,2.8
1953,3,mintemp,7.1
1953,4,mintemp,8
1953,5,mintemp,16.5
1953,6,mintemp,19.7
1953,7,mintemp,20.2
1953,8,mintemp,18.7
1953,9,mintemp,15.1
1953,10,mintemp,9.6
1953,11,mintemp,2.1
1953,12,mintemp,0.9
1954,1,mintemp,1.4
1954,2,mintemp,2.6
1954,3,mintemp,5.1
1954,4,mintemp,11.8
1954,5,mintemp,11.5
1954,6,mintemp,17.4
1954,7,mintemp,20.6
1954,8,mintemp,20
1954,9,mintemp,16.4
1954,10,mintemp,9.3
1954,11,mintemp,2.4
1954,12,mintemp,-0.5
1955,1,mintemp,0.1
1955,2,mintemp,2.5
1955,3,mintemp,6.4
1955,4,mintemp,10.7
1955,5,mintemp,14.6
1955,6,mintemp,14.8
1955,7,mintemp,20
1955,8,mintemp,19.9
1955,9,mintemp,17.3
1955,10,mintemp,7.3
1955,11,mintemp,2.7
1955,12,mintemp,1.3
1956,1,mintemp,-0.7
1956,2,mintemp,5.2
1956,3,mintemp,4.6
1956,4,mintemp,8
1956,5,mintemp,15
1956,6,mintemp,17
1956,7,mintemp,19.4
1956,8,mintemp,19.1
1956,9,mintemp,14.2
1956,10,mintemp,11.2
1956,11,mintemp,1.9
1956,12,mintemp,5.1
1957,1,mintemp,3
1957,2,mintemp,7.2
1957,3,mintemp,4.6
1957,4,mintemp,10.4
1957,5,mintemp,15.1
1957,6,mintemp,19.5
1957,7,mintemp,19.5
1957,8,mintemp,18.3
1957,9,mintemp,17.3
1957,10,mintemp,8.9
1957,11,mintemp,6.7
1957,12,mintemp,1.6
1958,1,mintemp,-1.6
1958,2,mintemp,-3.5
1958,3,mintemp,4.1
1958,4,mintemp,9.6
1958,5,mintemp,13.7
1958,6,mintemp,18.7
1958,7,mintemp,20.3
1958,8,mintemp,19.2
1958,9,mintemp,16.6
1958,10,mintemp,8.4
1958,11,mintemp,5
1958,12,mintemp,-1.1
1959,1,mintemp,-1.5
1959,2,mintemp,3.4
1959,3,mintemp,3.2
1959,4,mintemp,8.8
1959,5,mintemp,15
1959,6,mintemp,18.3
1959,7,mintemp,20
1959,8,mintemp,19.6
1959,9,mintemp,17.4
1959,10,mintemp,13.5
1959,11,mintemp,3
1959,12,mintemp,1.9
1960,1,mintemp,1.6
1960,2,mintemp,0.2
1960,3,mintemp,0.4
1960,4,mintemp,9.4
1960,5,mintemp,11.3
1960,6,mintemp,17.7
1960,7,mintemp,19.9
1960,8,mintemp,19.8
1960,9,mintemp,17.2
1960,10,mintemp,10.5
1960,11,mintemp,3.3
1960,12,mintemp,-1.7
1961,1,mintemp,-3
1961,2,mintemp,4.1
1961,3,mintemp,6.7
1961,4,mintemp,6.7
1961,5,mintemp,11.8
1961,6,mintemp,16.6
1961,7,mintemp,18.5
1961,8,mintemp,18.6
1961,9,mintemp,16.5
1961,10,mintemp,7
1961,11,mintemp,6.2
1961,12,mintemp,2.2
1962,1,mintemp,-0.2
1962,2,mintemp,4.8
1962,3,mintemp,3.3
1962,4,mintemp,7.7
1962,5,mintemp,15
1962,6,mintemp,18
1962,7,mintemp,19.7
1962,8,mintemp,19.3
1962,9,mintemp,16
1962,10,mintemp,10.1
1962,11,mintemp,3.8
1962,12,mintemp,-1.3
1963,1,mintemp,-2.9
1963,2,mintemp,-2.8
1963,3,mintemp,5.9
1963,4,mintemp,10.5
1963,5,mintemp,13.6
1963,6,mintemp,17.7
1963,7,mintemp,18.4
1963,8,mintemp,18.6
1963,9,mintemp,14.7
1963,10,mintemp,8.5
1963,11,mintemp,3.3
1963,12,mintemp,-3.9
1964,1,mintemp,-1.4
1964,2,mintemp,-1.2
1964,3,mintemp,4
1964,4,mintemp,10.3
1964,5,mintemp,13
1964,6,mintemp,17.8
1964,7,mintemp,19
1964,8,mintemp,18.2
1964,9,mintemp,15.8
1964,10,mintemp,6.6
1964,11,mintemp,5.1
1964,12,mintemp,3
1965,1,mintemp,0.3
1965,2,mintemp,0.3
1965,3,mintemp,4.3
1965,4,mintemp,10.6
1965,5,mintemp,13.2
1965,6,mintemp,16.8
1965,7,mintemp,18.8
1965,8,mintemp,18.4
1965,9,mintemp,16.7
1965,10,mintemp,7.8
1965,11,mintemp,5.6
1965,12,mintemp,0
1966,1,mintemp,-1.4
1966,2,mintemp,1.4
1966,3,mintemp,3.4
1966,4,mintemp,9.4
1966,5,mintemp,13.2
1966,6,mintemp,15.4
1966,7,mintemp,19.7
1966,8,mintemp,18.7
1966,9,mintemp,15.6
1966,10,mintemp,8.6
1966,11,mintemp,5.2
1966,12,mintemp,1.6
1967,1,mintemp,0.9
1967,2,mintemp,0.5
1967,3,mintemp,6.6
1967,4,mintemp,11.7
1967,5,mintemp,13.2
1967,6,mintemp,17.4
1967,7,mintemp,18.3
1967,8,mintemp,18
1967,9,mintemp,13.4
1967,10,mintemp,7.3
1967,11,mintemp,1.8
1967,12,mintemp,4
1968,1,mintemp,-1
1968,2,mintemp,-2.8
1968,3,mintemp,2.7
1968,4,mintemp,9.6
1968,5,mintemp,13.2
1968,6,mintemp,16.8
1968,7,mintemp,19.1
1968,8,mintemp,19.4
1968,9,mintemp,14.8
1968,10,mintemp,9.8
1968,11,mintemp,3.5
1968,12,mintemp,-0.9
1969,1,mintemp,0.4
1969,2,mintemp,0.9
1969,3,mintemp,1.2
1969,4,mintemp,10.1
1969,5,mintemp,14
1969,6,mintemp,17.9
1969,7,mintemp,20.7
1969,8,mintemp,18.3
1969,9,mintemp,15.3
1969,10,mintemp,11.2
1969,11,mintemp,1.8
1969,12,mintemp,-0.6
1970,1,mintemp,-2.8
1970,2,mintemp,-0.9
1970,3,mintemp,4.4
1970,4,mintemp,11.3
1970,5,mintemp,13.4
1970,6,mintemp,17.4
1970,7,mintemp,19.1
1970,8,mintemp,20.2
1970,9,mintemp,18.2
1970,10,mintemp,11.5
1970,11,mintemp,2.4
1970,12,mintemp,2.6
1971,1,mintemp,1.4
1971,2,mintemp,0.2
1971,3,mintemp,2
1971,4,mintemp,6.8
1971,5,mintemp,10.8
1971,6,mintemp,17.9
1971,7,mintemp,19.1
1971,8,mintemp,19.1
1971,9,mintemp,17.7
1971,10,mintemp,12.5
1971,11,mintemp,2.7
1971,12,mintemp,6.4
1972,1,mintemp,1.9
1972,2,mintemp,1.3
1972,3,mintemp,4.5
1972,4,mintemp,8.9
1972,5,mintemp,12.8
1972,6,mintemp,15.6
1972,7,mintemp,17.8
1972,8,mintemp,18.5
1972,9,mintemp,17.2
1972,10,mintemp,9.6
1972,11,mintemp,4.4
1972,12,mintemp,3.8
1973,1,mintemp,-0.3
1973,2,mintemp,-1.2
1973,3,mintemp,8.7
1973,4,mintemp,8.5
1973,5,mintemp,11.3
1973,6,mintemp,17.9
1973,7,mintemp,19.3
1973,8,mintemp,18.3
1973,9,mintemp,17.5
1973,10,mintemp,10.7
1973,11,mintemp,6.5
1973,12,mintemp,0.9
1974,1,mintemp,7.6
1974,2,mintemp,0.5
1974,3,mintemp,8.2
1974,4,mintemp,8.5
1974,5,mintemp,14.6
1974,6,mintemp,15.3
1974,7,mintemp,18.6
1974,8,mintemp,18.7
1974,9,mintemp,14.7
1974,10,mintemp,6.1
1974,11,mintemp,3.3
1974,12,mintemp,1.4
1975,1,mintemp,2.8
1975,2,mintemp,2.7
1975,3,mintemp,4.3
1975,4,mintemp,7.9
1975,5,mintemp,15.4
1975,6,mintemp,17.5
1975,7,mintemp,18.9
1975,8,mintemp,19.1
1975,9,mintemp,14.5
1975,10,mintemp,10.8
1975,11,mintemp,5.2
1975,12,mintemp,0.2
1976,1,mintemp,-2.7
1976,2,mintemp,2.8
1976,3,mintemp,6.9
1976,4,mintemp,7.9
1976,5,mintemp,11.1
1976,6,mintemp,16.6
1976,7,mintemp,18.9
1976,8,mintemp,17.8
1976,9,mintemp,15.7
1976,10,mintemp,6.6
1976,11,mintemp,-0.6
1976,12,mintemp,-2
1977,1,mintemp,-5.8
1977,2,mintemp,-1.9
1977,3,mintemp,6.7
1977,4,mintemp,10.2
1977,5,mintemp,13.7
1977,6,mintemp,18
1977,7,mintemp,20.5
1977,8,mintemp,20.7
1977,9,mintemp,18.7
1977,10,mintemp,8.2
1977,11,mintemp,8.2
1977,12,mintemp,0.6
1978,1,mintemp,-3.3
1978,2,mintemp,-3.4
1978,3,mintemp,2.9
1978,4,mintemp,9
1978,5,mintemp,14
1978,6,mintemp,18.1
1978,7,mintemp,20.4
1978,8,mintemp,20
1978,9,mintemp,18
1978,10,mintemp,6.6
1978,11,mintemp,6.8
1978,12,mintemp,0.4
1979,1,mintemp,-3.1
1979,2,mintemp,-0.1
1979,3,mintemp,5.2
1979,4,mintemp,9.6
1979,5,mintemp,14.3
1979,6,mintemp,17
1979,7,mintemp,20.2
1979,8,mintemp,18.9
1979,9,mintemp,17.4
1979,10,mintemp,8
1979,11,mintemp,3.4
1979,12,mintemp,0.1
1980,1,mintemp,2.8
1980,2,mintemp,-1.6
1980,3,mintemp,4.8
1980,4,mintemp,7.5
1980,5,mintemp,14.5
1980,6,mintemp,17.5
1980,7,mintemp,20.8
1980,8,mintemp,20.2
1980,9,mintemp,18.4
1980,10,mintemp,7.7
1980,11,mintemp,3.5
1980,12,mintemp,-0.1
1981,1,mintemp,-3.5
1981,2,mintemp,0.5
1981,3,mintemp,2.4
1981,4,mintemp,10.9
1981,5,mintemp,11.6
1981,6,mintemp,20.3
1981,7,mintemp,21.6
1981,8,mintemp,20
1981,9,mintemp,13.7
1981,10,mintemp,9.2
1981,11,mintemp,4.3
1981,12,mintemp,0.4
1982,1,mintemp,-1
1982,2,mintemp,2.1
1982,3,mintemp,6.6
1982,4,mintemp,8.1
1982,5,mintemp,13.7
1982,6,mintemp,17.1
1982,7,mintemp,19.7
1982,8,mintemp,19.8
1982,9,mintemp,15.7
1982,10,mintemp,10.5
1982,11,mintemp,5.5
1982,12,mintemp,5.8
1983,1,mintemp,-0.4
1983,2,mintemp,1.8
1983,3,mintemp,4.8
1983,4,mintemp,6.2
1983,5,mintemp,12.8
1983,6,mintemp,17.4
1983,7,mintemp,19.4
1983,8,mintemp,19.6
1983,9,mintemp,15.1
1983,10,mintemp,9.8
1983,11,mintemp,3.5
1983,12,mintemp,-0.9
1984,1,mintemp,-2.7
1984,2,mintemp,1.3
1984,3,mintemp,3.4
1984,4,mintemp,8.4
1984,5,mintemp,12.7
1984,6,mintemp,16.9
1984,7,mintemp,18.9
1984,8,mintemp,19.2
1984,9,mintemp,14.8
1984,10,mintemp,14.2
1984,11,mintemp,3.6
1984,12,mintemp,5.6
1985,1,mintemp,-3.6
1985,2,mintemp,1.1
1985,3,mintemp,6.8
1985,4,mintemp,9.9
1985,5,mintemp,14.2
1985,6,mintemp,18.5
1985,7,mintemp,19.9
1985,8,mintemp,19.5
1985,9,mintemp,15.1
1985,10,mintemp,14
1985,11,mintemp,10.9
1985,12,mintemp,-2
1986,1,mintemp,-2.1
1986,2,mintemp,2.7
1986,3,mintemp,4.2
1986,4,mintemp,7.4
1986,5,mintemp,14.5
1986,6,mintemp,19.1
1986,7,mintemp,21.6
1986,8,mintemp,19.6
1986,9,mintemp,18.8
1986,10,mintemp,10.9
1986,11,mintemp,9.2
1986,12,mintemp,2.5
1987,1,mintemp,-0.5
1987,2,mintemp,2.3
1987,3,mintemp,5.7
1987,4,mintemp,6.9
1987,5,mintemp,16.5
1987,6,mintemp,18.1
1987,7,mintemp,19.8
1987,8,mintemp,20.7
1987,9,mintemp,15.5
1987,10,mintemp,4.1
1987,11,mintemp,5.5
1987,12,mintemp,3.8
1988,1,mintemp,-1.1
1988,2,mintemp,0
1988,3,mintemp,3.8
1988,4,mintemp,8.9
1988,5,mintemp,10.9
1988,6,mintemp,15.8
1988,7,mintemp,19.8
1988,8,mintemp,20.4
1988,9,mintemp,17.5
1988,10,mintemp,6.8
1988,11,mintemp,6.7
1988,12,mintemp,0.5
1989,1,mintemp,3.1
1989,2,mintemp,2.3
1989,3,mintemp,6.9
1989,4,mintemp,8.3
1989,5,mintemp,13.2
1989,6,mintemp,18.6
1989,7,mintemp,20.6
1989,8,mintemp,19.3
1989,9,mintemp,16.5
1989,10,mintemp,8.6
1989,11,mintemp,4
1989,12,mintemp,-2.8
1990,1,mintemp,2.5
1990,2,mintemp,5.5
1990,3,mintemp,6.1
1990,4,mintemp,7.9
1990,5,mintemp,13.4
1990,6,mintemp,17.3
1990,7,mintemp,19.4
1990,8,mintemp,19.6
1990,9,mintemp,16.4
1990,10,mintemp,9.2
1990,11,mintemp,4
1990,12,mintemp,2.7
1991,1,mintemp,2
1991,2,mintemp,2.7
1991,3,mintemp,5.4
1991,4,mintemp,12
1991,5,mintemp,16.8
1991,6,mintemp,18.6
1991,7,mintemp,20.8
1991,8,mintemp,19.9
1991,9,mintemp,15.5
1991,10,mintemp,8.5
1991,11,mintemp,2.3
1991,12,mintemp,2.4
1992,1,mintemp,-0.1
1992,2,mintemp,2.5
1992,3,mintemp,4.1
1992,4,mintemp,7.9
1992,5,mintemp,11.5
1992,6,mintemp,17
1992,7,mintemp,20.1
1992,8,mintemp,18
1992,9,mintemp,17
1992,10,mintemp,8.2
1992,11,mintemp,4.3
1992,12,mintemp,2.5
1993,1,mintemp,3.3
1993,2,mintemp,0.1
1993,3,mintemp,3.5
1993,4,mintemp,7.2
1993,5,mintemp,13.3
1993,6,mintemp,18.4
1993,7,mintemp,20.8
1993,8,mintemp,20.1
1993,9,mintemp,15.7
1993,10,mintemp,9.4
1993,11,mintemp,2.5
1993,12,mintemp,0.7
1994,1,mintemp,-1.1
1994,2,mintemp,2.1
1994,3,mintemp,4.6
1994,4,mintemp,10.5
1994,5,mintemp,12.2
1994,6,mintemp,19.6
1994,7,mintemp,20.2
1994,8,mintemp,19.1
1994,9,mintemp,15.6
1994,10,mintemp,10.9
1994,11,mintemp,6.4
1994,12,mintemp,3.1
1995,1,mintemp,-0.2
1995,2,mintemp,0.6
1995,3,mintemp,6.8
1995,4,mintemp,8.4
1995,5,mintemp,14.9
1995,6,mintemp,16.3
1995,7,mintemp,19.8
1995,8,mintemp,21.6
1995,9,mintemp,15.9
1995,10,mintemp,9
1995,11,mintemp,2
1995,12,mintemp,-0.7
1996,1,mintemp,-1.7
1996,2,mintemp,0
1996,3,mintemp,2.7
1996,4,mintemp,6.3
1996,5,mintemp,14.6
1996,6,mintemp,18
1996,7,mintemp,19.5
1996,8,mintemp,19.2
1996,9,mintemp,15
1996,10,mintemp,8.7
1996,11,mintemp,3.9
1996,12,mintemp,1.7
1997,1,mintemp,0.9
1997,2,mintemp,2.8
1997,3,mintemp,7.2
1997,4,mintemp,6.2
1997,5,mintemp,11.2
1997,6,mintemp,17.6
1997,7,mintemp,20.3
1997,8,mintemp,18.3
1997,9,mintemp,15.6
1997,10,mintemp,8.9
1997,11,mintemp,2.9
1997,12,mintemp,-0.1
1998,1,mintemp,2
1998,2,mintemp,2
1998,3,mintemp,3.8
1998,4,mintemp,8.4
1998,5,mintemp,15.1
1998,6,mintemp,19.3
1998,7,mintemp,21.5
1998,8,mintemp,19.3
1998,9,mintemp,17.8
1998,10,mintemp,10.3
1998,11,mintemp,5.9
1998,12,mintemp,4.5
1999,1,mintemp,1.4
1999,2,mintemp,2.7
1999,3,mintemp,2.2
1999,4,mintemp,11.6
1999,5,mintemp,12.8
1999,6,mintemp,18.7
1999,7,mintemp,20.4
1999,8,mintemp,19.7
1999,9,mintemp,14.3
1999,10,mintemp,8.4
1999,11,mintemp,4.3
1999,12,mintemp,-0.1
2000,1,mintemp,0.7
2000,2,mintemp,1.5
2000,3,mintemp,5.8
2000,4,mintemp,6.8
2000,5,mintemp,15.4
2000,6,mintemp,17.4
2000,7,mintemp,19.4
2000,8,mintemp,19.1
2000,9,mintemp,16.2
2000,10,mintemp,8.5
2000,11,mintemp,4.6
2000,12,mintemp,-2.7
2001,1,mintemp,-3
2001,2,mintemp,3.1
2001,3,mintemp,3
2001,4,mintemp,9.6
2001,5,mintemp,13.6
2001,6,mintemp,18.2
2001,7,mintemp,19.9
2001,8,mintemp,20.1
2001,9,mintemp,15.4
2001,10,mintemp,7
2001,11,mintemp,5.3
2001,12,mintemp,2.8
2002,1,mintemp,0.2
2002,2,mintemp,-0.8
2002,3,mintemp,3.8
2002,4,mintemp,11.2
2002,5,mintemp,13.6
2002,6,mintemp,17.9
2002,7,mintemp,20.4
2002,8,mintemp,20
2002,9,mintemp,19.2
2002,10,mintemp,15.1
2002,11,mintemp,3.4
2002,12,mintemp,-0.4
2003,1,mintemp,-2.8
2003,2,mintemp,1.8
2003,3,mintemp,7
2003,4,mintemp,9.6
2003,5,mintemp,15.6
2003,6,mintemp,17.9
2003,7,mintemp,20.4
2003,8,mintemp,20.9
2003,9,mintemp,15.8
2003,10,mintemp,9.2
2003,11,mintemp,7
2003,12,mintemp,-0.7
2004,1,mintemp,-0.7
2004,2,mintemp,1.4
2004,3,mintemp,6.3
2004,4,mintemp,7.8
2004,5,mintemp,16.2
2004,6,mintemp,19.5
2004,7,mintemp,20
2004,8,mintemp,18.4
2004,9,mintemp,17.2
2004,10,mintemp,13.5
2004,11,mintemp,7.8
2004,12,mintemp,-0.1
2005,1,mintemp,2
2005,2,mintemp,3.4
2005,3,mintemp,3.8
2005,4,mintemp,8
2005,5,mintemp,12
2005,6,mintemp,19
2005,7,mintemp,21.3
2005,8,mintemp,21.5
2005,9,mintemp,17.8
2005,10,mintemp,10.1
2005,11,mintemp,5.3
2005,12,mintemp,-1.6
2006,1,mintemp,2.8
2006,2,mintemp,0.2
2006,3,mintemp,4.6
2006,4,mintemp,11.2
2006,5,mintemp,13.9
2006,6,mintemp,17.2
2006,7,mintemp,20.8
2006,8,mintemp,21.6
2006,9,mintemp,15.5
2006,10,mintemp,8.7
2006,11,mintemp,3.5
2006,12,mintemp,1.9
2007,1,mintemp,1.3
2007,2,mintemp,-1.5
2007,3,mintemp,6.2
2007,4,mintemp,6.9
2007,5,mintemp,13.3
2007,6,mintemp,18.5
2007,7,mintemp,20.1
2007,8,mintemp,21.7
2007,9,mintemp,17.3
2007,10,mintemp,12
2007,11,mintemp,3.1
2007,12,mintemp,3.5
2008,1,mintemp,-1.7
2008,2,mintemp,1
2008,3,mintemp,3.6
2008,4,mintemp,10
2008,5,mintemp,14
2008,6,mintemp,18.8
2008,7,mintemp,19.5
2008,8,mintemp,20.2
2008,9,mintemp,17.4
2008,10,mintemp,9.5
2008,11,mintemp,2
2008,12,mintemp,3.4
2009,1,mintemp,0.1
2009,2,mintemp,0.1
2009,3,mintemp,6.1
2009,4,mintemp,8.4
2009,5,mintemp,16.4
2009,6,mintemp,19.4
2009,7,mintemp,18.8
2009,8,mintemp,20
2009,9,mintemp,18.9
2009,10,mintemp,10.6
2009,11,mintemp,3.8
2009,12,mintemp,1.2
2010,1,mintemp,-2.6
2010,2,mintemp,-2
2010,3,mintemp,3.1
2010,4,mintemp,8.7
2010,5,mintemp,16
2010,6,mintemp,20.8
2010,7,mintemp,21.8
2010,8,mintemp,22.6
2010,9,mintemp,16.8
2010,10,mintemp,8.2
2010,11,mintemp,4.7
2010,12,mintemp,-2.3
2011,1,mintemp,-1.9
2011,2,mintemp,1.4
2011,3,mintemp,6.6
2011,4,mintemp,10.2
2011,5,mintemp,13.3
2011,6,mintemp,19.8
2011,7,mintemp,21.9
2011,8,mintemp,20.6
2011,9,mintemp,15.9
2011,10,mintemp,7.3
2011,11,mintemp,5.7
2011,12,mintemp,2.6
2012,1,mintemp,2.1
2012,2,mintemp,4
2012,3,mintemp,10.4
2012,4,mintemp,10.8
2012,5,mintemp,16
2012,6,mintemp,17.9
2012,7,mintemp,21.3
2012,8,mintemp,19.8
2012,9,mintemp,15.8
2012,10,mintemp,9.6
2012,11,mintemp,1.6
2012,12,mintemp,3.9
2013,1,mintemp,3.8
2013,2,mintemp,1.5
2013,3,mintemp,2
2013,4,mintemp,9.2
2013,5,mintemp,13.3
2013,6,mintemp,20
2013,7,mintemp,20.3
2013,8,mintemp,20.2
2013,9,mintemp,16.8
2013,10,mintemp,10.9
2013,11,mintemp,3.5
2013,12,mintemp,2.6
2014,1,mintemp,-5.2
2014,2,mintemp,0.8
2014,3,mintemp,3.1
2014,4,mintemp,9.3
2014,5,mintemp,14.2
2014,6,mintemp,20
2014,7,mintemp,19.2
2014,8,mintemp,19.8
2014,9,mintemp,18.8
2014,10,mintemp,10.9
2014,11,mintemp,1.2
2014,12,mintemp,3.8
2015,1,mintemp,-0.3
2015,2,mintemp,-2
2015,3,mintemp,6.7
2015,4,mintemp,11.6
2015,5,mintemp,14.9
2015,6,mintemp,20
2015,7,mintemp,21.3
2015,8,mintemp,20.1
2015,9,mintemp,17.8
2015,10,mintemp,11.4
2015,11,mintemp,8.8
2015,12,mintemp,7.6
2016,1,mintemp,-0.7
2016,2,mintemp,2.5
2016,3,mintemp,7.3
2016,4,mintemp,9.7
2016,5,mintemp,14.2
2016,6,mintemp,19.4
2016,7,mintemp,21.7
2016,8,mintemp,22.3
2016,9,mintemp,18.9
2016,10,mintemp,11.3
2016,11,mintemp,4.6
2016,12,mintemp,3.5
2017,1,mintemp,4.6
2017,2,mintemp,4.9
2017,3,mintemp,6.3
2017,4,mintemp,11.7
2017,5,mintemp,14.5
2017,6,mintemp,19.3
2017,7,mintemp,21.3
2017,8,mintemp,20.8
2017,9,mintemp,16.3
2017,10,mintemp,11.6
2017,11,mintemp,4.7
2017,12,mintemp,2.1
2018,1,mintemp,-3
2018,2,mintemp,7.7
2018,3,mintemp,4.7
2018,4,mintemp,7
2018,5,mintemp,16.7
2018,6,mintemp,20
2018,7,mintemp,20.9
2018,8,mintemp,20.8
2018,9,mintemp,20.9
2018,10,mintemp,12.9
2018,11,mintemp,3.3
2018,12,mintemp,3.2
2019,1,mintemp,1.5
2019,2,mintemp,6.2
2019,3,mintemp,4.9
2019,4,mintemp,9.8
2019,5,mintemp,16.1
2019,6,mintemp,19.4
2019,7,mintemp,20.8
2019,8,mintemp,20.5
2019,9,mintemp,18.1
2019,10,mintemp,13.3
2019,11,mintemp,1.8
2019,12,mintemp,4.3
2020,1,mintemp,2.4
2020,2,mintemp,3.8
2020,3,mintemp,10.6
2020,4,mintemp,8.4
2020,5,mintemp,13.1
2020,6,mintemp,18.5
2020,7,mintemp,21.4
2020,8,mintemp,21.2
2020,9,mintemp,17.9
2020,10,mintemp,12.5
2020,11,mintemp,6.3
2020,12,mintemp,-0.5
2021,1,mintemp,1.1
2021,2,mintemp,0.9
2021,3,mintemp,6.9
2021,4,mintemp,7.8
2021,5,mintemp,13.5
2021,6,mintemp,18.8
2021,7,mintemp,20.7
2021,8,mintemp,21.3
2021,9,mintemp,16.8
2021,10,mintemp,13.1
2021,11,mintemp,2.6
2021,12,mintemp,5.8
2022,1,mintemp,-1.2
2022,2,mintemp,1.6
2022,3,mintemp,4.7
2022,4,mintemp,8.7
2022,5,mintemp,16.3
2022,6,mintemp,19.6
2022,7,mintemp,22
2022,8,mintemp,21.3
2022,9,mintemp,15.6
2022,10,mintemp,6.8
2022,11,mintemp,5.9
2022,12,mintemp,3.5
2023,1,mintemp,2.8
2023,2,mintemp,6.3
2023,3,mintemp,5.3
2023,4,mintemp,9.3
2023,5,mintemp,14.7
2023,6,mintemp,17.8
2023,7,mintemp,21.3
2023,8,mintemp,20.8
2023,9,mintemp,17.1
2023,10,mintemp,10.8
2023,11,mintemp,4.6
2023,12,mintemp,1.4
1895,1,maxtemp,10.4
1895,2,maxtemp,7.7
1895,3,maxtemp,18.1
1895,4,maxtemp,23.5
1895,5,maxtemp,25.8
1895,6,maxtemp,31
1895,7,maxtemp,30.8
1895,8,maxtemp,30.9
1895,9,maxtemp,30.7
1895,10,maxtemp,22.9
1895,11,maxtemp,17.5
1895,12,maxtemp,12.9
1896,1,maxtemp,10.7
1896,2,maxtemp,14.2
1896,3,maxtemp,16.7
1896,4,maxtemp,26.6
1896,5,maxtemp,30.3
1896,6,maxtemp,30.2
1896,7,maxtemp,32.2
1896,8,maxtemp,34.2
1896,9,maxtemp,31.9
1896,10,maxtemp,23.3
1896,11,maxtemp,19.2
1896,12,maxtemp,13.3
1897,1,maxtemp,10.4
1897,2,maxtemp,15.1
1897,3,maxtemp,19.6
1897,4,maxtemp,22.8
1897,5,maxtemp,27
1897,6,maxtemp,34
1897,7,maxtemp,32.9
1897,8,maxtemp,31.4
1897,9,maxtemp,31.3
1897,10,maxtemp,27
1897,11,maxtemp,18.4
1897,12,maxtemp,13
1898,1,maxtemp,13.9
1898,2,maxtemp,12.6
1898,3,maxtemp,20
1898,4,maxtemp,19.9
1898,5,maxtemp,30.1
1898,6,maxtemp,33.3
1898,7,maxtemp,31.4
1898,8,maxtemp,30.2
1898,9,maxtemp,28.2
1898,10,maxtemp,21.4
1898,11,maxtemp,15.1
1898,12,maxtemp,11.5
1899,1,maxtemp,11.1
1899,2,maxtemp,10.1
1899,3,maxtemp,18.6
1899,4,maxtemp,21.4
1899,5,maxtemp,30.1
1899,6,maxtemp,32.5
1899,7,maxtemp,32.3
1899,8,maxtemp,32.3
1899,9,maxtemp,28.7
1899,10,maxtemp,24.5
1899,11,maxtemp,18.2
1899,12,maxtemp,11.9
1900,1,maxtemp,11.6
1900,2,maxtemp,11.5
1900,3,maxtemp,16.9
1900,4,maxtemp,23.4
1900,5,maxtemp,29.3
1900,6,maxtemp,28.9
1900,7,maxtemp,32.9
1900,8,maxtemp,34
1900,9,maxtemp,30.6
1900,10,maxtemp,25.1
1900,11,maxtemp,18.2
1900,12,maxtemp,12.8
1901,1,maxtemp,12.8
1901,2,maxtemp,11.3
1901,3,maxtemp,18
1901,4,maxtemp,19.6
1901,5,maxtemp,27.7
1901,6,maxtemp,31.6
1901,7,maxtemp,33.7
1901,8,maxtemp,31.3
1901,9,maxtemp,27.3
1901,10,maxtemp,23.9
1901,11,maxtemp,15.8
1901,12,maxtemp,10.6
1902,1,maxtemp,11.6
1902,2,maxtemp,9.3
1902,3,maxtemp,17.8
1902,4,maxtemp,22.7
1902,5,maxtemp,30.8
1902,6,maxtemp,34.3
1902,7,maxtemp,35.3
1902,8,maxtemp,34.7
1902,9,maxtemp,28.5
1902,10,maxtemp,23.5
1902,11,maxtemp,20.1
1902,12,maxtemp,12.1
1903,1,maxtemp,11
1903,2,maxtemp,14.6
1903,3,maxtemp,19.2
1903,4,maxtemp,22.2
1903,5,maxtemp,25.9
1903,6,maxtemp,28.7
1903,7,maxtemp,32.8
1903,8,maxtemp,32.9
1903,9,maxtemp,29.9
1903,10,maxtemp,25.3
1903,11,maxtemp,16.3
1903,12,maxtemp,11.2
1904,1,maxtemp,10.7
1904,2,maxtemp,14.5
1904,3,maxtemp,20.9
1904,4,maxtemp,21.5
1904,5,maxtemp,28.4
1904,6,maxtemp,32.6
1904,7,maxtemp,32
1904,8,maxtemp,31.1
1904,9,maxtemp,32.1
1904,10,maxtemp,26.6
1904,11,maxtemp,18.1
1904,12,maxtemp,13.9
1905,1,maxtemp,9.1
1905,2,maxtemp,9
1905,3,maxtemp,21.5
1905,4,maxtemp,23.3
1905,5,maxtemp,27.5
1905,6,maxtemp,32.1
1905,7,maxtemp,32.1
1905,8,maxtemp,31.2
1905,9,maxtemp,30.9
1905,10,maxtemp,23.8
1905,11,maxtemp,19.3
1905,12,maxtemp,10.8
1906,1,maxtemp,13.4
1906,2,maxtemp,14.7
1906,3,maxtemp,16
1906,4,maxtemp,25.8
1906,5,maxtemp,27.1
1906,6,maxtemp,32.1
1906,7,maxtemp,31
1906,8,maxtemp,32.2
1906,9,maxtemp,30
1906,10,maxtemp,21.8
1906,11,maxtemp,19.2
1906,12,maxtemp,14.8
1907,1,maxtemp,18.3
1907,2,maxtemp,15.4
1907,3,maxtemp,25.1
1907,4,maxtemp,20.8
1907,5,maxtemp,25.4
1907,6,maxtemp,30.5
1907,7,maxtemp,33.3
1907,8,maxtemp,33
1907,9,maxtemp,29.1
1907,10,maxtemp,24.3
1907,11,maxtemp,16.8
1907,12,maxtemp,12.5
1908,1,maxtemp,11.6
1908,2,maxtemp,11.8
1908,3,maxtemp,23
1908,4,maxtemp,25.8
1908,5,maxtemp,27.8
1908,6,maxtemp,32
1908,7,maxtemp,33
1908,8,maxtemp,33
1908,9,maxtemp,29.7
1908,10,maxtemp,23.6
1908,11,maxtemp,20.9
1908,12,maxtemp,16.2
1909,1,maxtemp,15.5
1909,2,maxtemp,16.7
1909,3,maxtemp,18.7
1909,4,maxtemp,23.6
1909,5,maxtemp,26.1
1909,6,maxtemp,30.5
1909,7,maxtemp,31.6
1909,8,maxtemp,32.4
1909,9,maxtemp,29.8
1909,10,maxtemp,25.5
1909,11,maxtemp,22.7
1909,12,maxtemp,9.8
1910,1,maxtemp,13.4
1910,2,maxtemp,14
1910,3,maxtemp,23.9
1910,4,maxtemp,23.3
1910,5,maxtemp,26.2
1910,6,maxtemp,29.3
1910,7,maxtemp,30.9
1910,8,maxtemp,32.3
1910,9,maxtemp,32.5
1910,10,maxtemp,25.8
1910,11,maxtemp,17.1
1910,12,maxtemp,10.9
1911,1,maxtemp,15.6
1911,2,maxtemp,17.3
1911,3,maxtemp,20.9
1911,4,maxtemp,22.7
1911,5,maxtemp,29.6
1911,6,maxtemp,33.2
1911,7,maxtemp,30.8
1911,8,maxtemp,31.8
1911,9,maxtemp,32.9
1911,10,maxtemp,26.4
1911,11,maxtemp,15.9
1911,12,maxtemp,15
1912,1,maxtemp,10
1912,2,maxtemp,12.9
1912,3,maxtemp,16.8
1912,4,maxtemp,23.7
1912,5,maxtemp,28.4
1912,6,maxtemp,29.1
1912,7,maxtemp,30.8
1912,8,maxtemp,30.5
1912,9,maxtemp,29.5
1912,10,maxtemp,24.2
1912,11,maxtemp,17.2
1912,12,maxtemp,12.7
1913,1,maxtemp,16.1
1913,2,maxtemp,14.6
1913,3,maxtemp,19.1
1913,4,maxtemp,23
1913,5,maxtemp,28.6
1913,6,maxtemp,31.9
1913,7,maxtemp,32.8
1913,8,maxtemp,32.8
1913,9,maxtemp,27.4
1913,10,maxtemp,22.1
1913,11,maxtemp,19.7
1913,12,maxtemp,13.5
1914,1,maxtemp,14.3
1914,2,maxtemp,13.3
1914,3,maxtemp,16.5
1914,4,maxtemp,24
1914,5,maxtemp,29.1
1914,6,maxtemp,35
1914,7,maxtemp,33.9
1914,8,maxtemp,31
1914,9,maxtemp,28
1914,10,maxtemp,22.5
1914,11,maxtemp,17.8
1914,12,maxtemp,10.1
1915,1,maxtemp,11
1915,2,maxtemp,14.1
1915,3,maxtemp,14.3
1915,4,maxtemp,26.1
1915,5,maxtemp,29.4
1915,6,maxtemp,31.8
1915,7,maxtemp,32.5
1915,8,maxtemp,31.3
1915,9,maxtemp,30.3
1915,10,maxtemp,24.4
1915,11,maxtemp,19.6
1915,12,maxtemp,13.7
1916,1,maxtemp,16.3
1916,2,maxtemp,14
1916,3,maxtemp,19.3
1916,4,maxtemp,23.1
1916,5,maxtemp,29.7
1916,6,maxtemp,31.3
1916,7,maxtemp,30
1916,8,maxtemp,32
1916,9,maxtemp,28.9
1916,10,maxtemp,24.3
1916,11,maxtemp,18.3
1916,12,maxtemp,13.5
1917,1,maxtemp,14.2
1917,2,maxtemp,14.7
1917,3,maxtemp,19.7
1917,4,maxtemp,24.9
1917,5,maxtemp,25.8
1917,6,maxtemp,31.6
1917,7,maxtemp,31.6
1917,8,maxtemp,30.3
1917,9,maxtemp,27.9
1917,10,maxtemp,21.7
1917,11,maxtemp,16.5
1917,12,maxtemp,8.7
1918,1,maxtemp,7.8
1918,2,maxtemp,17.7
1918,3,maxtemp,23.2
1918,4,maxtemp,21.2
1918,5,maxtemp,29.2
1918,6,maxtemp,32.2
1918,7,maxtemp,31
1918,8,maxtemp,32.5
1918,9,maxtemp,26.7
1918,10,maxtemp,24.2
1918,11,maxtemp,16.2
1918,12,maxtemp,13.6
1919,1,maxtemp,11.6
1919,2,maxtemp,13.7
1919,3,maxtemp,19.6
1919,4,maxtemp,24.1
1919,5,maxtemp,25.7
1919,6,maxtemp,30.5
1919,7,maxtemp,30.6
1919,8,maxtemp,31.2
1919,9,maxtemp,30.7
1919,10,maxtemp,28.5
1919,11,maxtemp,19
1919,12,maxtemp,13.3
1920,1,maxtemp,12.4
1920,2,maxtemp,12.3
1920,3,maxtemp,16.8
1920,4,maxtemp,22.6
1920,5,maxtemp,25.6
1920,6,maxtemp,30.6
1920,7,maxtemp,30.7
1920,8,maxtemp,29.7
1920,9,maxtemp,29.9
1920,10,maxtemp,25.9
1920,11,maxtemp,16.9
1920,12,maxtemp,11.4
1921,1,maxtemp,14.7
1921,2,maxtemp,15.9
1921,3,maxtemp,24.1
1921,4,maxtemp,23.4
1921,5,maxtemp,27
1921,6,maxtemp,33.2
1921,7,maxtemp,32.7
1921,8,maxtemp,32.2
1921,9,maxtemp,33.2
1921,10,maxtemp,23.6
1921,11,maxtemp,19.4
1921,12,maxtemp,15.6
1922,1,maxtemp,11.9
1922,2,maxtemp,17.1
1922,3,maxtemp,18.5
1922,4,maxtemp,24.1
1922,5,maxtemp,27
1922,6,maxtemp,31.5
1922,7,maxtemp,32.3
1922,8,maxtemp,32.1
1922,9,maxtemp,31.6
1922,10,maxtemp,24.2
1922,11,maxtemp,19.3
1922,12,maxtemp,16.7
1923,1,maxtemp,16.3
1923,2,maxtemp,13.7
1923,3,maxtemp,19.3
1923,4,maxtemp,23.3
1923,5,maxtemp,25.8
1923,6,maxtemp,30.6
1923,7,maxtemp,31.3
1923,8,maxtemp,30.9
1923,9,maxtemp,30.3
1923,10,maxtemp,23.8
1923,11,maxtemp,16.2
1923,12,maxtemp,16.2
1924,1,maxtemp,10.6
1924,2,maxtemp,13.2
1924,3,maxtemp,15.8
1924,4,maxtemp,22.1
1924,5,maxtemp,24.8
1924,6,maxtemp,30.7
1924,7,maxtemp,32.7
1924,8,maxtemp,33.3
1924,9,maxtemp,25.7
1924,10,maxtemp,25.5
1924,11,maxtemp,19.3
1924,12,maxtemp,14.3
1925,1,maxtemp,12.8
1925,2,maxtemp,17.7
1925,3,maxtemp,21.2
1925,4,maxtemp,26.8
1925,5,maxtemp,27.8
1925,6,maxtemp,34
1925,7,maxtemp,34.2
1925,8,maxtemp,34
1925,9,maxtemp,35.6
1925,10,maxtemp,23.8
1925,11,maxtemp,16.9
1925,12,maxtemp,12.8
1926,1,maxtemp,11
1926,2,maxtemp,16
1926,3,maxtemp,14.9
1926,4,maxtemp,23
1926,5,maxtemp,28.1
1926,6,maxtemp,31.9
1926,7,maxtemp,32.5
1926,8,maxtemp,32.5
1926,9,maxtemp,31.8
1926,10,maxtemp,24.8
1926,11,maxtemp,15.9
1926,12,maxtemp,16.3
1927,1,maxtemp,14.5
1927,2,maxtemp,20
1927,3,maxtemp,19.3
1927,4,maxtemp,26.3
1927,5,maxtemp,28.8
1927,6,maxtemp,28.7
1927,7,maxtemp,32.6
1927,8,maxtemp,31.8
1927,9,maxtemp,32.7
1927,10,maxtemp,26.9
1927,11,maxtemp,20.9
1927,12,maxtemp,13.9
1928,1,maxtemp,12.8
1928,2,maxtemp,14.7
1928,3,maxtemp,19.1
1928,4,maxtemp,21.3
1928,5,maxtemp,26.7
1928,6,maxtemp,29.5
1928,7,maxtemp,32.7
1928,8,maxtemp,32.6
1928,9,maxtemp,28.6
1928,10,maxtemp,25.7
1928,11,maxtemp,17.9
1928,12,maxtemp,14
1929,1,maxtemp,15.2
1929,2,maxtemp,12.2
1929,3,maxtemp,21.2
1929,4,maxtemp,25.5
1929,5,maxtemp,27
1929,6,maxtemp,30.9
1929,7,maxtemp,32.4
1929,8,maxtemp,34.1
1929,9,maxtemp,29
1929,10,maxtemp,22.3
1929,11,maxtemp,16.3
1929,12,maxtemp,13.4
1930,1,maxtemp,13.1
1930,2,maxtemp,18.6
1930,3,maxtemp,17
1930,4,maxtemp,25.6
1930,5,maxtemp,28.5
1930,6,maxtemp,32
1930,7,maxtemp,35.8
1930,8,maxtemp,33.1
1930,9,maxtemp,30.1
1930,10,maxtemp,23
1930,11,maxtemp,16.3
1930,12,maxtemp,10.4
1931,1,maxtemp,12.3
1931,2,maxtemp,15.8
1931,3,maxtemp,15.5
1931,4,maxtemp,22.7
1931,5,maxtemp,26.6
1931,6,maxtemp,34.5
1931,7,maxtemp,33.5
1931,8,maxtemp,31.5
1931,9,maxtemp,33.7
1931,10,maxtemp,26.8
1931,11,maxtemp,22.3
1931,12,maxtemp,16.8
1932,1,maxtemp,16.9
1932,2,maxtemp,19.1
1932,3,maxtemp,16.9
1932,4,maxtemp,24.2
1932,5,maxtemp,26.6
1932,6,maxtemp,32
1932,7,maxtemp,33.2
1932,8,maxtemp,32.1
1932,9,maxtemp,28.6
1932,10,maxtemp,23.4
1932,11,maxtemp,15.5
1932,12,maxtemp,14.4
1933,1,maxtemp,15.6
1933,2,maxtemp,14
1933,3,maxtemp,19.3
1933,4,maxtemp,21.2
1933,5,maxtemp,30.1
1933,6,maxtemp,33.4
1933,7,maxtemp,30.7
1933,8,maxtemp,31.3
1933,9,maxtemp,31.3
1933,10,maxtemp,23.5
1933,11,maxtemp,17.8
1933,12,maxtemp,17.9
1934,1,maxtemp,14.2
1934,2,maxtemp,14
1934,3,maxtemp,18.6
1934,4,maxtemp,24.2
1934,5,maxtemp,27.8
1934,6,maxtemp,31.8
1934,7,maxtemp,32.5
1934,8,maxtemp,31.9
1934,9,maxtemp,30
1934,10,maxtemp,25.2
1934,11,maxtemp,20
1934,12,maxtemp,12.4
1935,1,maxtemp,14.1
1935,2,maxtemp,14.9
1935,3,maxtemp,22
1935,4,maxtemp,23.4
1935,5,maxtemp,28.1
1935,6,maxtemp,30.4
1935,7,maxtemp,32.5
1935,8,maxtemp,32.5
1935,9,maxtemp,29.4
1935,10,maxtemp,25.6
1935,11,maxtemp,18.4
1935,12,maxtemp,8.8
1936,1,maxtemp,11.1
1936,2,maxtemp,12.3
1936,3,maxtemp,21.1
1936,4,maxtemp,22.4
1936,5,maxtemp,29.7
1936,6,maxtemp,34.3
1936,7,maxtemp,33.1
1936,8,maxtemp,32.3
1936,9,maxtemp,30.4
1936,10,maxtemp,24.3
1936,11,maxtemp,17.2
1936,12,maxtemp,14.2
1937,1,maxtemp,17.7
1937,2,maxtemp,13.9
1937,3,maxtemp,17.8
1937,4,maxtemp,23.7
1937,5,maxtemp,28.4
1937,6,maxtemp,33.1
1937,7,maxtemp,32.2
1937,8,maxtemp,32.3
1937,9,maxtemp,27.6
1937,10,maxtemp,21.6
1937,11,maxtemp,15.6
1937,12,maxtemp,12.8
1938,1,maxtemp,13.1
1938,2,maxtemp,18.6
1938,3,maxtemp,22.8
1938,4,maxtemp,23.4
1938,5,maxtemp,28.2
1938,6,maxtemp,30.6
1938,7,maxtemp,31.8
1938,8,maxtemp,33.4
1938,9,maxtemp,29.8
1938,10,maxtemp,26.7
1938,11,maxtemp,19.6
1938,12,maxtemp,13.3
1939,1,maxtemp,14.9
1939,2,maxtemp,16.9
1939,3,maxtemp,20.9
1939,4,maxtemp,23.1
1939,5,maxtemp,26.8
1939,6,maxtemp,31.5
1939,7,maxtemp,33
1939,8,maxtemp,30.6
1939,9,maxtemp,30.6
1939,10,maxtemp,25.7
1939,11,maxtemp,17.1
1939,12,maxtemp,14.8
1940,1,maxtemp,5
1940,2,maxtemp,11.7
1940,3,maxtemp,18.2
1940,4,maxtemp,21.8
1940,5,maxtemp,26.9
1940,6,maxtemp,30.9
1940,7,maxtemp,30.2
1940,8,maxtemp,32.4
1940,9,maxtemp,29.9
1940,10,maxtemp,26.2
1940,11,maxtemp,17.6
1940,12,maxtemp,15.4
1941,1,maxtemp,13.9
1941,2,maxtemp,11.4
1941,3,maxtemp,15.9
1941,4,maxtemp,24.8
1941,5,maxtemp,29.9
1941,6,maxtemp,30.8
1941,7,maxtemp,31.8
1941,8,maxtemp,32.3
1941,9,maxtemp,32.1
1941,10,maxtemp,28.4
1941,11,maxtemp,18.7
1941,12,maxtemp,15.5
1942,1,maxtemp,13
1942,2,maxtemp,11.9
1942,3,maxtemp,18.9
1942,4,maxtemp,26.1
1942,5,maxtemp,28.7
1942,6,maxtemp,31.8
1942,7,maxtemp,32.8
1942,8,maxtemp,31.2
1942,9,maxtemp,28.9
1942,10,maxtemp,24.7
1942,11,maxtemp,20.2
1942,12,maxtemp,13.8
1943,1,maxtemp,14.9
1943,2,maxtemp,16.7
1943,3,maxtemp,17.6
1943,4,maxtemp,24.3
1943,5,maxtemp,29.7
1943,6,maxtemp,34.3
1943,7,maxtemp,33
1943,8,maxtemp,34.3
1943,9,maxtemp,28.4
1943,10,maxtemp,23.6
1943,11,maxtemp,18.4
1943,12,maxtemp,12.9
1944,1,maxtemp,13.2
1944,2,maxtemp,17.1
1944,3,maxtemp,20.5
1944,4,maxtemp,22.8
1944,5,maxtemp,29.9
1944,6,maxtemp,33.9
1944,7,maxtemp,32.8
1944,8,maxtemp,31.6
1944,9,maxtemp,29.7
1944,10,maxtemp,25.9
1944,11,maxtemp,18.2
1944,12,maxtemp,12.6
1945,1,maxtemp,13.4
1945,2,maxtemp,15.9
1945,3,maxtemp,24.4
1945,4,maxtemp,25.6
1945,5,maxtemp,26.5
1945,6,maxtemp,32
1945,7,maxtemp,32.2
1945,8,maxtemp,32.6
1945,9,maxtemp,31.3
1945,10,maxtemp,23.7
1945,11,maxtemp,19.3
1945,12,maxtemp,9.5
1946,1,maxtemp,13.1
1946,2,maxtemp,16.9
1946,3,maxtemp,22.5
1946,4,maxtemp,26
1946,5,maxtemp,26.8
1946,6,maxtemp,30.5
1946,7,maxtemp,30.9
1946,8,maxtemp,31.7
1946,9,maxtemp,28
1946,10,maxtemp,25
1946,11,maxtemp,20.5
1946,12,maxtemp,16.5
1947,1,maxtemp,13.8
1947,2,maxtemp,11.6
1947,3,maxtemp,15.4
1947,4,maxtemp,23.9
1947,5,maxtemp,26.7
1947,6,maxtemp,30
1947,7,maxtemp,30.7
1947,8,maxtemp,32.8
1947,9,maxtemp,30.6
1947,10,maxtemp,26.6
1947,11,maxtemp,15.5
1947,12,maxtemp,14.7
1948,1,maxtemp,8.8
1948,2,maxtemp,15.1
1948,3,maxtemp,20.1
1948,4,maxtemp,25.3
1948,5,maxtemp,28.3
1948,6,maxtemp,32
1948,7,maxtemp,31.9
1948,8,maxtemp,30.7
1948,9,maxtemp,28.1
1948,10,maxtemp,23.2
1948,11,maxtemp,18.4
1948,12,maxtemp,14.2
1949,1,maxtemp,17
1949,2,maxtemp,16.8
1949,3,maxtemp,18
1949,4,maxtemp,21.7
1949,5,maxtemp,28.5
1949,6,maxtemp,30.1
1949,7,maxtemp,32.2
1949,8,maxtemp,31.5
1949,9,maxtemp,28.1
1949,10,maxtemp,26.1
1949,11,maxtemp,18.4
1949,12,maxtemp,14.6
1950,1,maxtemp,18.7
1950,2,maxtemp,18
1950,3,maxtemp,17.4
1950,4,maxtemp,21.6
1950,5,maxtemp,28.7
1950,6,maxtemp,30.8
1950,7,maxtemp,30.4
1950,8,maxtemp,31
1950,9,maxtemp,27
1950,10,maxtemp,25.1
1950,11,maxtemp,16.1
1950,12,maxtemp,10.1
1951,1,maxtemp,14
1951,2,maxtemp,15.9
1951,3,maxtemp,18.6
1951,4,maxtemp,22.4
1951,5,maxtemp,28.2
1951,6,maxtemp,31.9
1951,7,maxtemp,32.5
1951,8,maxtemp,34
1951,9,maxtemp,29.9
1951,10,maxtemp,25.1
1951,11,maxtemp,14.9
1951,12,maxtemp,15.6
1952,1,maxtemp,16.2
1952,2,maxtemp,15.8
1952,3,maxtemp,17.9
1952,4,maxtemp,22.9
1952,5,maxtemp,28.2
1952,6,maxtemp,34.3
1952,7,maxtemp,34.9
1952,8,maxtemp,31.8
1952,9,maxtemp,28.1
1952,10,maxtemp,22
1952,11,maxtemp,18
1952,12,maxtemp,12.9
1953,1,maxtemp,15.1
1953,2,maxtemp,15.3
1953,3,maxtemp,20.4
1953,4,maxtemp,22.5
1953,5,maxtemp,28.7
1953,6,maxtemp,32.9
1953,7,maxtemp,31.4
1953,8,maxtemp,32.6
1953,9,maxtemp,29.7
1953,10,maxtemp,26
1953,11,maxtemp,18.8
1953,12,maxtemp,12.2
1954,1,maxtemp,14.3
1954,2,maxtemp,18.3
1954,3,maxtemp,18.3
1954,4,maxtemp,26.2
1954,5,maxtemp,24.7
1954,6,maxtemp,32.4
1954,7,maxtemp,34.3
1954,8,maxtemp,35.2
1954,9,maxtemp,33.1
1954,10,maxtemp,26.1
1954,11,maxtemp,16.5
1954,12,maxtemp,12.7
1955,1,maxtemp,12
1955,2,maxtemp,15.3
1955,3,maxtemp,21
1955,4,maxtemp,25.6
1955,5,maxtemp,28.9
1955,6,maxtemp,28.6
1955,7,maxtemp,31.9
1955,8,maxtemp,32.9
1955,9,maxtemp,30.9
1955,10,maxtemp,23.5
1955,11,maxtemp,17.1
1955,12,maxtemp,12.6
1956,1,maxtemp,11.3
1956,2,maxtemp,17.3
1956,3,maxtemp,19.6
1956,4,maxtemp,22.7
1956,5,maxtemp,29
1956,6,maxtemp,30.7
1956,7,maxtemp,32.4
1956,8,maxtemp,33.7
1956,9,maxtemp,28.9
1956,10,maxtemp,24
1956,11,maxtemp,17.3
1956,12,maxtemp,18.8
1957,1,maxtemp,13.8
1957,2,maxtemp,19
1957,3,maxtemp,16.9
1957,4,maxtemp,24.8
1957,5,maxtemp,27.7
1957,6,maxtemp,30.9
1957,7,maxtemp,32
1957,8,maxtemp,33.3
1957,9,maxtemp,28.5
1957,10,maxtemp,20.3
1957,11,maxtemp,18
1957,12,maxtemp,15
1958,1,maxtemp,9.5
1958,2,maxtemp,9.6
1958,3,maxtemp,15.9
1958,4,maxtemp,24
1958,5,maxtemp,28.4
1958,6,maxtemp,31.7
1958,7,maxtemp,31.2
1958,8,maxtemp,32.1
1958,9,maxtemp,29.7
1958,10,maxtemp,23.3
1958,11,maxtemp,20.1
1958,12,maxtemp,11.9
1959,1,maxtemp,13
1959,2,maxtemp,14.4
1959,3,maxtemp,17.7
1959,4,maxtemp,23.4
1959,5,maxtemp,29
1959,6,maxtemp,30.1
1959,7,maxtemp,32.7
1959,8,maxtemp,33
1959,9,maxtemp,28.6
1959,10,maxtemp,23.5
1959,11,maxtemp,17.9
1959,12,maxtemp,14.6
1960,1,maxtemp,11.6
1960,2,maxtemp,13.5
1960,3,maxtemp,13.1
1960,4,maxtemp,24.9
1960,5,maxtemp,27
1960,6,maxtemp,31.8
1960,7,maxtemp,33.6
1960,8,maxtemp,31.3
1960,9,maxtemp,28.7
1960,10,maxtemp,24.3
1960,11,maxtemp,19
1960,12,maxtemp,11.8
1961,1,maxtemp,10.5
1961,2,maxtemp,17.1
1961,3,maxtemp,20.3
1961,4,maxtemp,21.9
1961,5,maxtemp,26
1961,6,maxtemp,28.7
1961,7,maxtemp,30.9
1961,8,maxtemp,30.5
1961,9,maxtemp,28.9
1961,10,maxtemp,24.1
1961,11,maxtemp,18.6
1961,12,maxtemp,12.2
1962,1,maxtemp,10.6
1962,2,maxtemp,19.3
1962,3,maxtemp,15.7
1962,4,maxtemp,21.4
1962,5,maxtemp,31.4
1962,6,maxtemp,30.4
1962,7,maxtemp,32.5
1962,8,maxtemp,32.6
1962,9,maxtemp,28.9
1962,10,maxtemp,24.7
1962,11,maxtemp,16.1
1962,12,maxtemp,11.2
1963,1,maxtemp,9.5
1963,2,maxtemp,11.8
1963,3,maxtemp,21.6
1963,4,maxtemp,24.5
1963,5,maxtemp,27.5
1963,6,maxtemp,30
1963,7,maxtemp,30.2
1963,8,maxtemp,31.9
1963,9,maxtemp,28.6
1963,10,maxtemp,26.2
1963,11,maxtemp,18.1
1963,12,maxtemp,8
1964,1,maxtemp,11.2
1964,2,maxtemp,11
1964,3,maxtemp,18.4
1964,4,maxtemp,24.3
1964,5,maxtemp,27.8
1964,6,maxtemp,31.8
1964,7,maxtemp,30.3
1964,8,maxtemp,30.5
1964,9,maxtemp,29.4
1964,10,maxtemp,22
1964,11,maxtemp,19.6
1964,12,maxtemp,14.5
1965,1,maxtemp,13.8
1965,2,maxtemp,14.1
1965,3,maxtemp,16.2
1965,4,maxtemp,24.9
1965,5,maxtemp,29.7
1965,6,maxtemp,29.2
1965,7,maxtemp,30.7
1965,8,maxtemp,31.2
1965,9,maxtemp,28.6
1965,10,maxtemp,22.9
1965,11,maxtemp,19.2
1965,12,maxtemp,14.7
1966,1,maxtemp,8.9
1966,2,maxtemp,13.4
1966,3,maxtemp,18.2
1966,4,maxtemp,24
1966,5,maxtemp,25.9
1966,6,maxtemp,29.6
1966,7,maxtemp,32.8
1966,8,maxtemp,30.1
1966,9,maxtemp,27.4
1966,10,maxtemp,22.7
1966,11,maxtemp,19
1966,12,maxtemp,13.7
1967,1,maxtemp,13.2
1967,2,maxtemp,12.2
1967,3,maxtemp,21.9
1967,4,maxtemp,26.5
1967,5,maxtemp,26.3
1967,6,maxtemp,29.9
1967,7,maxtemp,29.4
1967,8,maxtemp,29.1
1967,9,maxtemp,26
1967,10,maxtemp,23.3
1967,11,maxtemp,16.3
1967,12,maxtemp,15.2
1968,1,maxtemp,10.7
1968,2,maxtemp,10.5
1968,3,maxtemp,19.2
1968,4,maxtemp,23.8
1968,5,maxtemp,26.3
1968,6,maxtemp,31.9
1968,7,maxtemp,31
1968,8,maxtemp,32.2
1968,9,maxtemp,28.5
1968,10,maxtemp,23.5
1968,11,maxtemp,15.9
1968,12,maxtemp,11.1
1969,1,maxtemp,10.7
1969,2,maxtemp,12.4
1969,3,maxtemp,15
1969,4,maxtemp,24.6
1969,5,maxtemp,26.9
1969,6,maxtemp,31.6
1969,7,maxtemp,32.8
1969,8,maxtemp,30.1
1969,9,maxtemp,27.2
1969,10,maxtemp,23
1969,11,maxtemp,17.2
1969,12,maxtemp,11.7
1970,1,maxtemp,8.6
1970,2,maxtemp,14.3
1970,3,maxtemp,17.7
1970,4,maxtemp,24.7
1970,5,maxtemp,28.4
1970,6,maxtemp,29.3
1970,7,maxtemp,32
1970,8,maxtemp,31.1
1970,9,maxtemp,31.1
1970,10,maxtemp,23.4
1970,11,maxtemp,16.3
1970,12,maxtemp,15.5
1971,1,maxtemp,12.8
1971,2,maxtemp,13.9
1971,3,maxtemp,16
1971,4,maxtemp,24.4
1971,5,maxtemp,25.7
1971,6,maxtemp,31.8
1971,7,maxtemp,30.2
1971,8,maxtemp,30.9
1971,9,maxtemp,28.9
1971,10,maxtemp,25.8
1971,11,maxtemp,17.7
1971,12,maxtemp,17.8
1972,1,maxtemp,15.5
1972,2,maxtemp,13.3
1972,3,maxtemp,19.6
1972,4,maxtemp,24.9
1972,5,maxtemp,26
1972,6,maxtemp,30.2
1972,7,maxtemp,31.3
1972,8,maxtemp,32.3
1972,9,maxtemp,30.6
1972,10,maxtemp,22.9
1972,11,maxtemp,15.4
1972,12,maxtemp,14.7
1973,1,maxtemp,11.4
1973,2,maxtemp,13.5
1973,3,maxtemp,20.8
1973,4,maxtemp,21.3
1973,5,maxtemp,25.9
1973,6,maxtemp,30.5
1973,7,maxtemp,31.8
1973,8,maxtemp,30.9
1973,9,maxtemp,30.5
1973,10,maxtemp,25.8
1973,11,maxtemp,20.4
1973,12,maxtemp,13.9
1974,1,maxtemp,17
1974,2,maxtemp,15.3
1974,3,maxtemp,22.2
1974,4,maxtemp,24
1974,5,maxtemp,28
1974,6,maxtemp,29
1974,7,maxtemp,31.6
1974,8,maxtemp,30.6
1974,9,maxtemp,26.1
1974,10,maxtemp,23.6
1974,11,maxtemp,18.3
1974,12,maxtemp,13
1975,1,maxtemp,14.9
1975,2,maxtemp,15.9
1975,3,maxtemp,18.3
1975,4,maxtemp,22.8
1975,5,maxtemp,27.9
1975,6,maxtemp,30.5
1975,7,maxtemp,30.4
1975,8,maxtemp,31.5
1975,9,maxtemp,26.7
1975,10,maxtemp,24.2
1975,11,maxtemp,19
1975,12,maxtemp,12.6
1976,1,maxtemp,9.8
1976,2,maxtemp,19.6
1976,3,maxtemp,20.4
1976,4,maxtemp,24.5
1976,5,maxtemp,23.9
1976,6,maxtemp,29.4
1976,7,maxtemp,31.3
1976,8,maxtemp,31
1976,9,maxtemp,27.9
1976,10,maxtemp,21.1
1976,11,maxtemp,14.3
1976,12,maxtemp,11.1
1977,1,maxtemp,4.9
1977,2,maxtemp,14.6
1977,3,maxtemp,20.2
1977,4,maxtemp,25.5
1977,5,maxtemp,28.6
1977,6,maxtemp,33.4
1977,7,maxtemp,33.7
1977,8,maxtemp,32.4
1977,9,maxtemp,28.9
1977,10,maxtemp,21.7
1977,11,maxtemp,17.9
1977,12,maxtemp,12.3
1978,1,maxtemp,5.8
1978,2,maxtemp,9.8
1978,3,maxtemp,16.9
1978,4,maxtemp,24.8
1978,5,maxtemp,26.7
1978,6,maxtemp,31.5
1978,7,maxtemp,32.8
1978,8,maxtemp,32.3
1978,9,maxtemp,31.4
1978,10,maxtemp,25
1978,11,maxtemp,21.7
1978,12,maxtemp,13.9
1979,1,maxtemp,8.1
1979,2,maxtemp,10.9
1979,3,maxtemp,20.5
1979,4,maxtemp,23.3
1979,5,maxtemp,26.5
1979,6,maxtemp,30.1
1979,7,maxtemp,30.9
1979,8,maxtemp,31.8
1979,9,maxtemp,27.2
1979,10,maxtemp,24.2
1979,11,maxtemp,18.4
1979,12,maxtemp,13.7
1980,1,maxtemp,12.4
1980,2,maxtemp,11.8
1980,3,maxtemp,17.4
1980,4,maxtemp,23.1
1980,5,maxtemp,26.6
1980,6,maxtemp,31.4
1980,7,maxtemp,35.2
1980,8,maxtemp,34.1
1980,9,maxtemp,31.2
1980,10,maxtemp,22.3
1980,11,maxtemp,17.4
1980,12,maxtemp,13.4
1981,1,maxtemp,10.3
1981,2,maxtemp,14.5
1981,3,maxtemp,17.8
1981,4,maxtemp,26.1
1981,5,maxtemp,26.1
1981,6,maxtemp,32.8
1981,7,maxtemp,33.4
1981,8,maxtemp,31.1
1981,9,maxtemp,28.7
1981,10,maxtemp,22.9
1981,11,maxtemp,19.9
1981,12,maxtemp,10.7
1982,1,maxtemp,10.2
1982,2,maxtemp,14.2
1982,3,maxtemp,20.1
1982,4,maxtemp,20.7
1982,5,maxtemp,28.6
1982,6,maxtemp,30.3
1982,7,maxtemp,31.6
1982,8,maxtemp,31.2
1982,9,maxtemp,28.4
1982,10,maxtemp,24.3
1982,11,maxtemp,18.3
1982,12,maxtemp,16
1983,1,maxtemp,9.9
1983,2,maxtemp,13.1
1983,3,maxtemp,17
1983,4,maxtemp,20.3
1983,5,maxtemp,26.1
1983,6,maxtemp,28.7
1983,7,maxtemp,33
1983,8,maxtemp,33.6
1983,9,maxtemp,28
1983,10,maxtemp,23.5
1983,11,maxtemp,18
1983,12,maxtemp,9.8
1984,1,maxtemp,10.1
1984,2,maxtemp,15.5
1984,3,maxtemp,18.2
1984,4,maxtemp,21.6
1984,5,maxtemp,26.6
1984,6,maxtemp,32
1984,7,maxtemp,31.1
1984,8,maxtemp,30.4
1984,9,maxtemp,28.7
1984,10,maxtemp,26.1
1984,11,maxtemp,16.6
1984,12,maxtemp,17.9
1985,1,maxtemp,6.9
1985,2,maxtemp,11.6
1985,3,maxtemp,20.2
1985,4,maxtemp,24.5
1985,5,maxtemp,27
1985,6,maxtemp,30.9
1985,7,maxtemp,30.6
1985,8,maxtemp,30.9
1985,9,maxtemp,28.1
1985,10,maxtemp,24.8
1985,11,maxtemp,21.3
1985,12,maxtemp,11.2
1986,1,maxtemp,12.3
1986,2,maxtemp,17.3
1986,3,maxtemp,19.7
1986,4,maxtemp,25.2
1986,5,maxtemp,27.8
1986,6,maxtemp,31.8
1986,7,maxtemp,33.9
1986,8,maxtemp,31.5
1986,9,maxtemp,29.1
1986,10,maxtemp,23.6
1986,11,maxtemp,19
1986,12,maxtemp,11.9
1987,1,maxtemp,10.5
1987,2,maxtemp,13.2
1987,3,maxtemp,18.7
1987,4,maxtemp,22
1987,5,maxtemp,28
1987,6,maxtemp,30.3
1987,7,maxtemp,32.3
1987,8,maxtemp,33.4
1987,9,maxtemp,29.2
1987,10,maxtemp,22.8
1987,11,maxtemp,19.9
1987,12,maxtemp,15
1988,1,maxtemp,9.2
1988,2,maxtemp,14.1
1988,3,maxtemp,19.3
1988,4,maxtemp,23.6
1988,5,maxtemp,27
1988,6,maxtemp,32.5
1988,7,maxtemp,31
1988,8,maxtemp,32.6
1988,9,maxtemp,28
1988,10,maxtemp,21.8
1988,11,maxtemp,19
1988,12,maxtemp,14.7
1989,1,maxtemp,15.3
1989,2,maxtemp,13.6
1989,3,maxtemp,19.5
1989,4,maxtemp,22.5
1989,5,maxtemp,25.4
1989,6,maxtemp,29.3
1989,7,maxtemp,30.1
1989,8,maxtemp,31
1989,9,maxtemp,27.5
1989,10,maxtemp,23.6
1989,11,maxtemp,18.4
1989,12,maxtemp,9.2
1990,1,maxtemp,15.6
1990,2,maxtemp,18.4
1990,3,maxtemp,20.5
1990,4,maxtemp,23.5
1990,5,maxtemp,26.6
1990,6,maxtemp,31.9
1990,7,maxtemp,31.8
1990,8,maxtemp,33.9
1990,9,maxtemp,31.5
1990,10,maxtemp,24.9
1990,11,maxtemp,20.8
1990,12,maxtemp,15.8
1991,1,maxtemp,11.7
1991,2,maxtemp,16.3
1991,3,maxtemp,20.4
1991,4,maxtemp,24.2
1991,5,maxtemp,27.2
1991,6,maxtemp,29.7
1991,7,maxtemp,32.1
1991,8,maxtemp,31.1
1991,9,maxtemp,29.5
1991,10,maxtemp,25.1
1991,11,maxtemp,17.1
1991,12,maxtemp,15.8
1992,1,maxtemp,11.4
1992,2,maxtemp,16.9
1992,3,maxtemp,19.4
1992,4,maxtemp,23.2
1992,5,maxtemp,26.1
1992,6,maxtemp,29
1992,7,maxtemp,31.7
1992,8,maxtemp,29.3
1992,9,maxtemp,27.6
1992,10,maxtemp,23.8
1992,11,maxtemp,17.2
1992,12,maxtemp,11.8
1993,1,maxtemp,13.5
1993,2,maxtemp,13.3
1993,3,maxtemp,16.5
1993,4,maxtemp,21.6
1993,5,maxtemp,26.3
1993,6,maxtemp,31.2
1993,7,maxtemp,34.5
1993,8,maxtemp,32.3
1993,9,maxtemp,30.1
1993,10,maxtemp,23.5
1993,11,maxtemp,17.5
1993,12,maxtemp,12.2
1994,1,maxtemp,10
1994,2,maxtemp,16.2
1994,3,maxtemp,20.5
1994,4,maxtemp,25.3
1994,5,maxtemp,26.5
1994,6,maxtemp,30.5
1994,7,maxtemp,29.9
1994,8,maxtemp,30.1
1994,9,maxtemp,28
1994,10,maxtemp,22.6
1994,11,maxtemp,20.8
1994,12,maxtemp,14.7
1995,1,maxtemp,12.1
1995,2,maxtemp,13.3
1995,3,maxtemp,20.1
1995,4,maxtemp,24.2
1995,5,maxtemp,28
1995,6,maxtemp,29.8
1995,7,maxtemp,33.9
1995,8,maxtemp,33.3
1995,9,maxtemp,28.5
1995,10,maxtemp,23.3
1995,11,maxtemp,15
1995,12,maxtemp,11.5
1996,1,maxtemp,10.8
1996,2,maxtemp,13.1
1996,3,maxtemp,15.6
1996,4,maxtemp,22.3
1996,5,maxtemp,28.6
1996,6,maxtemp,29.9
1996,7,maxtemp,31.5
1996,8,maxtemp,30.6
1996,9,maxtemp,27.6
1996,10,maxtemp,22.7
1996,11,maxtemp,16.2
1996,12,maxtemp,14.7
1997,1,maxtemp,12.1
1997,2,maxtemp,14.7
1997,3,maxtemp,22.3
1997,4,maxtemp,21.1
1997,5,maxtemp,25
1997,6,maxtemp,27.1
1997,7,maxtemp,31.5
1997,8,maxtemp,29.9
1997,9,maxtemp,29.4
1997,10,maxtemp,23
1997,11,maxtemp,14.5
1997,12,maxtemp,11.6
1998,1,maxtemp,12.8
1998,2,maxtemp,13.5
1998,3,maxtemp,16.1
1998,4,maxtemp,21.9
1998,5,maxtemp,28.9
1998,6,maxtemp,32.2
1998,7,maxtemp,32.1
1998,8,maxtemp,31.8
1998,9,maxtemp,30.7
1998,10,maxtemp,26
1998,11,maxtemp,19.6
1998,12,maxtemp,14.4
1999,1,maxtemp,14.4
1999,2,maxtemp,15.9
1999,3,maxtemp,17.5
1999,4,maxtemp,25
1999,5,maxtemp,26.2
1999,6,maxtemp,29.1
1999,7,maxtemp,31.3
1999,8,maxtemp,33.6
1999,9,maxtemp,29.4
1999,10,maxtemp,23.6
1999,11,maxtemp,20.3
1999,12,maxtemp,14.3
2000,1,maxtemp,11.7
2000,2,maxtemp,17.6
2000,3,maxtemp,20.7
2000,4,maxtemp,21.5
2000,5,maxtemp,28.7
2000,6,maxtemp,30.7
2000,7,maxtemp,33.6
2000,8,maxtemp,32.9
2000,9,maxtemp,28
2000,10,maxtemp,25.1
2000,11,maxtemp,16
2000,12,maxtemp,8
2001,1,maxtemp,9.7
2001,2,maxtemp,16.3
2001,3,maxtemp,15.1
2001,4,maxtemp,23.5
2001,5,maxtemp,26.9
2001,6,maxtemp,28.8
2001,7,maxtemp,31
2001,8,maxtemp,30.3
2001,9,maxtemp,26.8
2001,10,maxtemp,22.3
2001,11,maxtemp,22.3
2001,12,maxtemp,15.5
2002,1,maxtemp,13.5
2002,2,maxtemp,13.7
2002,3,maxtemp,18.8
2002,4,maxtemp,24.4
2002,5,maxtemp,26.2
2002,6,maxtemp,30.1
2002,7,maxtemp,31.5
2002,8,maxtemp,32.3
2002,9,maxtemp,29.1
2002,10,maxtemp,23.5
2002,11,maxtemp,15.4
2002,12,maxtemp,11.8
2003,1,maxtemp,8.8
2003,2,maxtemp,13.5
2003,3,maxtemp,18.9
2003,4,maxtemp,23.3
2003,5,maxtemp,25.8
2003,6,maxtemp,28.6
2003,7,maxtemp,30.3
2003,8,maxtemp,31.1
2003,9,maxtemp,28.7
2003,10,maxtemp,23.8
2003,11,maxtemp,20.6
2003,12,maxtemp,12.4
2004,1,maxtemp,11.8
2004,2,maxtemp,11.1
2004,3,maxtemp,21.8
2004,4,maxtemp,23
2004,5,maxtemp,28.1
2004,6,maxtemp,28.9
2004,7,maxtemp,31.2
2004,8,maxtemp,30
2004,9,maxtemp,27.5
2004,10,maxtemp,24.7
2004,11,maxtemp,18.8
2004,12,maxtemp,12.8
2005,1,maxtemp,15.1
2005,2,maxtemp,15.5
2005,3,maxtemp,17
2005,4,maxtemp,22.5
2005,5,maxtemp,25.6
2005,6,maxtemp,29.3
2005,7,maxtemp,31.1
2005,8,maxtemp,31.4
2005,9,maxtemp,30.8
2005,10,maxtemp,23.8
2005,11,maxtemp,19.1
2005,12,maxtemp,11.4
2006,1,maxtemp,15.9
2006,2,maxtemp,12.1
2006,3,maxtemp,19.5
2006,4,maxtemp,26.3
2006,5,maxtemp,26.5
2006,6,maxtemp,32
2006,7,maxtemp,33.6
2006,8,maxtemp,33.5
2006,9,maxtemp,28.5
2006,10,maxtemp,22.1
2006,11,maxtemp,17.7
2006,12,maxtemp,16.5
2007,1,maxtemp,13.1
2007,2,maxtemp,12.7
2007,3,maxtemp,22.8
2007,4,maxtemp,21.9
2007,5,maxtemp,29.1
2007,6,maxtemp,32.9
2007,7,maxtemp,31.1
2007,8,maxtemp,36.2
2007,9,maxtemp,30.3
2007,10,maxtemp,25.2
2007,11,maxtemp,19
2007,12,maxtemp,15.4
2008,1,maxtemp,11.2
2008,2,maxtemp,15.4
2008,3,maxtemp,19.6
2008,4,maxtemp,23.1
2008,5,maxtemp,26.4
2008,6,maxtemp,31.7
2008,7,maxtemp,32.3
2008,8,maxtemp,30.7
2008,9,maxtemp,28.3
2008,10,maxtemp,22.7
2008,11,maxtemp,17
2008,12,maxtemp,14.3
2009,1,maxtemp,12.3
2009,2,maxtemp,14.9
2009,3,maxtemp,19.4
2009,4,maxtemp,22.1
2009,5,maxtemp,25.5
2009,6,maxtemp,31.4
2009,7,maxtemp,30.6
2009,8,maxtemp,30.3
2009,9,maxtemp,27.1
2009,10,maxtemp,21.3
2009,11,maxtemp,18
2009,12,maxtemp,11.2
2010,1,maxtemp,8.8
2010,2,maxtemp,9.2
2010,3,maxtemp,15.5
2010,4,maxtemp,25.3
2010,5,maxtemp,28
2010,6,maxtemp,32.5
2010,7,maxtemp,33.7
2010,8,maxtemp,33.9
2010,9,maxtemp,32
2010,10,maxtemp,26
2010,11,maxtemp,19
2010,12,maxtemp,9.1
2011,1,maxtemp,10
2011,2,maxtemp,15.9
2011,3,maxtemp,19.8
2011,4,maxtemp,24.9
2011,5,maxtemp,27.5
2011,6,maxtemp,33.9
2011,7,maxtemp,32.7
2011,8,maxtemp,33.9
2011,9,maxtemp,27.5
2011,10,maxtemp,22.5
2011,11,maxtemp,18.6
2011,12,maxtemp,14.9
2012,1,maxtemp,15.4
2012,2,maxtemp,16.1
2012,3,maxtemp,23.5
2012,4,maxtemp,24.4
2012,5,maxtemp,28.5
2012,6,maxtemp,30.6
2012,7,maxtemp,33.7
2012,8,maxtemp,30.5
2012,9,maxtemp,28.3
2012,10,maxtemp,22.7
2012,11,maxtemp,17.8
2012,12,maxtemp,15.4
2013,1,maxtemp,14.2
2013,2,maxtemp,13.2
2013,3,maxtemp,15.4
2013,4,maxtemp,22.7
2013,5,maxtemp,25.3
2013,6,maxtemp,30.2
2013,7,maxtemp,29.1
2013,8,maxtemp,29.3
2013,9,maxtemp,29
2013,10,maxtemp,23.7
2013,11,maxtemp,16.3
2013,12,maxtemp,13.1
2014,1,maxtemp,8.2
2014,2,maxtemp,13.4
2014,3,maxtemp,17
2014,4,maxtemp,22.9
2014,5,maxtemp,26.9
2014,6,maxtemp,30.4
2014,7,maxtemp,30.9
2014,8,maxtemp,32.4
2014,9,maxtemp,29.6
2014,10,maxtemp,25
2014,11,maxtemp,15.2
2014,12,maxtemp,14.6
2015,1,maxtemp,11.2
2015,2,maxtemp,9.8
2015,3,maxtemp,19.1
2015,4,maxtemp,23.9
2015,5,maxtemp,27.9
2015,6,maxtemp,31.4
2015,7,maxtemp,32.6
2015,8,maxtemp,31.5
2015,9,maxtemp,28.2
2015,10,maxtemp,24.1
2015,11,maxtemp,19.6
2015,12,maxtemp,19
2016,1,maxtemp,10.9
2016,2,maxtemp,14.8
2016,3,maxtemp,21.2
2016,4,maxtemp,23.6
2016,5,maxtemp,26.9
2016,6,maxtemp,32.6
2016,7,maxtemp,33.5
2016,8,maxtemp,32.5
2016,9,maxtemp,32.3
2016,10,maxtemp,27.8
2016,11,maxtemp,21.6
2016,12,maxtemp,14.6
2017,1,maxtemp,15.5
2017,2,maxtemp,17.8
2017,3,maxtemp,19.7
2017,4,maxtemp,25.8
2017,5,maxtemp,26.6
2017,6,maxtemp,28.8
2017,7,maxtemp,31.7
2017,8,maxtemp,30.2
2017,9,maxtemp,27.9
2017,10,maxtemp,24
2017,11,maxtemp,18.8
2017,12,maxtemp,12.4
2018,1,maxtemp,9.6
2018,2,maxtemp,18.8
2018,3,maxtemp,18.2
2018,4,maxtemp,21.6
2018,5,maxtemp,29
2018,6,maxtemp,31.6
2018,7,maxtemp,31.7
2018,8,maxtemp,31.2
2018,9,maxtemp,31.4
2018,10,maxtemp,24.9
2018,11,maxtemp,14.9
2018,12,maxtemp,13.1
2019,1,maxtemp,12.1
2019,2,maxtemp,16.9
2019,3,maxtemp,18
2019,4,maxtemp,24.1
2019,5,maxtemp,29.3
2019,6,maxtemp,30.3
2019,7,maxtemp,32
2019,8,maxtemp,32.8
2019,9,maxtemp,33.6
2019,10,maxtemp,25.2
2019,11,maxtemp,16.5
2019,12,maxtemp,15.6
2020,1,maxtemp,14.2
2020,2,maxtemp,14.8
2020,3,maxtemp,21.5
2020,4,maxtemp,22.1
2020,5,maxtemp,25.8
2020,6,maxtemp,29.6
2020,7,maxtemp,31.9
2020,8,maxtemp,31.7
2020,9,maxtemp,27.9
2020,10,maxtemp,24.6
2020,11,maxtemp,20.5
2020,12,maxtemp,13.1
2021,1,maxtemp,12.7
2021,2,maxtemp,14
2021,3,maxtemp,21.2
2021,4,maxtemp,23.2
2021,5,maxtemp,26.6
2021,6,maxtemp,29.6
2021,7,maxtemp,30.9
2021,8,maxtemp,31.5
2021,9,maxtemp,27.9
2021,10,maxtemp,24.5
2021,11,maxtemp,18
2021,12,maxtemp,18.8
2022,1,maxtemp,12.2
2022,2,maxtemp,16.2
2022,3,maxtemp,20.6
2022,4,maxtemp,23.3
2022,5,maxtemp,28.7
2022,6,maxtemp,32.2
2022,7,maxtemp,32.7
2022,8,maxtemp,31.2
2022,9,maxtemp,29.1
2022,10,maxtemp,23.9
2022,11,maxtemp,19.2
2022,12,maxtemp,14.5
2023,1,maxtemp,16.3
2023,2,maxtemp,18.6
2023,3,maxtemp,21.3
2023,4,maxtemp,23.7
2023,5,maxtemp,26.4
2023,6,maxtemp,29.9
2023,7,maxtemp,32.7
2023,8,maxtemp,33.3
2023,9,maxtemp,29.7
2023,10,maxtemp,25
2023,11,maxtemp,19
2023,12,maxtemp,15.1
1895,1,precip,20.047
1895,2,precip,6.993
1895,3,precip,21.145
1895,4,precip,10.577
1895,5,precip,9.681
1895,6,precip,11.431
1895,7,precip,11.066
1895,8,precip,12.418
1895,9,precip,3.23
1895,10,precip,6.142
1895,11,precip,4.788
1895,12,precip,9.292
1896,1,precip,12.283
1896,2,precip,12.765
1896,3,precip,12.754
1896,4,precip,9.654
1896,5,precip,9.1
1896,6,precip,11.003
1896,7,precip,13.525
1896,8,precip,5.136
1896,9,precip,4.591
1896,10,precip,3.974
1896,11,precip,11.788
1896,12,precip,3.73
1897,1,precip,10.025
1897,2,precip,14.418
1897,3,precip,24.866
1897,4,precip,10.032
1897,5,precip,4.587
1897,6,precip,5.066
1897,7,precip,12.347
1897,8,precip,11.051
1897,9,precip,1.09
1897,10,precip,2.399
1897,11,precip,3.756
1897,12,precip,14.227
1898,1,precip,11.798
1898,2,precip,2.615
1898,3,precip,8.824
1898,4,precip,12.712
1898,5,precip,1.425
1898,6,precip,10.912
1898,7,precip,17.594
1898,8,precip,18.258
1898,9,precip,8.187
1898,10,precip,17.134
1898,11,precip,14.494
1898,12,precip,6.739
1899,1,precip,11.973
1899,2,precip,17.339
1899,3,precip,18.077
1899,4,precip,9.197
1899,5,precip,4.538
1899,6,precip,5.311
1899,7,precip,17.793
1899,8,precip,8.552
1899,9,precip,0.789
1899,10,precip,6.698
1899,11,precip,7.019
1899,12,precip,14.412
1900,1,precip,9.465
1900,2,precip,22.808
1900,3,precip,15.642
1900,4,precip,22.106
1900,5,precip,6.525
1900,6,precip,23.929
1900,7,precip,14.795
1900,8,precip,7.207
1900,9,precip,12.132
1900,10,precip,15.499
1900,11,precip,11.713
1900,12,precip,12.535
1901,1,precip,14.793
1901,2,precip,10.978
1901,3,precip,16.13
1901,4,precip,13.424
1901,5,precip,14.972
1901,6,precip,8.186
1901,7,precip,9.21
1901,8,precip,20.401
1901,9,precip,10.008
1901,10,precip,3.182
1901,11,precip,4.313
1901,12,precip,20.683
1902,1,precip,11.391
1902,2,precip,18.281
1902,3,precip,25.068
1902,4,precip,6.246
1902,5,precip,4.181
1902,6,precip,2.781
1902,7,precip,6.887
1902,8,precip,8.077
1902,9,precip,10.71
1902,10,precip,7.812
1902,11,precip,10.069
1902,12,precip,14.927
1903,1,precip,7.975
1903,2,precip,31.483
1903,3,precip,15.83
1903,4,precip,8.125
1903,5,precip,15.311
1903,6,precip,10.444
1903,7,precip,10.796
1903,8,precip,9.623
1903,9,precip,3.987
1903,10,precip,6.213
1903,11,precip,3.17
1903,12,precip,6.049
1904,1,precip,12.296
1904,2,precip,10.256
1904,3,precip,6.662
1904,4,precip,5.781
1904,5,precip,6.85
1904,6,precip,9.835
1904,7,precip,9.729
1904,8,precip,16.124
1904,9,precip,1.698
1904,10,precip,1.951
1904,11,precip,7.327
1904,12,precip,10.121
1905,1,precip,16.676
1905,2,precip,17.555
1905,3,precip,8.375
1905,4,precip,10.13
1905,5,precip,16.598
1905,6,precip,14.882
1905,7,precip,11.74
1905,8,precip,13.367
1905,9,precip,4.174
1905,10,precip,8.931
1905,11,precip,5.371
1905,12,precip,17.515
1906,1,precip,11.185
1906,2,precip,5.047
1906,3,precip,25.004
1906,4,precip,2.386
1906,5,precip,10.818
1906,6,precip,9.871
1906,7,precip,23.637
1906,8,precip,12.575
1906,9,precip,21.603
1906,10,precip,10.906
1906,11,precip,7.356
1906,12,precip,12.114
1907,1,precip,5.779
1907,2,precip,16.13
1907,3,precip,7.228
1907,4,precip,16.758
1907,5,precip,21.352
1907,6,precip,7.165
1907,7,precip,11.79
1907,8,precip,6.985
1907,9,precip,11.458
1907,10,precip,3.401
1907,11,precip,17.28
1907,12,precip,15.038
1908,1,precip,12.177
1908,2,precip,16.569
1908,3,precip,11.937
1908,4,precip,14.44
1908,5,precip,16.321
1908,6,precip,5.76
1908,7,precip,8.091
1908,8,precip,7.613
1908,9,precip,5.012
1908,10,precip,5.188
1908,11,precip,4.492
1908,12,precip,13.094
1909,1,precip,6.171
1909,2,precip,21.722
1909,3,precip,29.717
1909,4,precip,16.981
1909,5,precip,15.152
1909,6,precip,20.747
1909,7,precip,10.328
1909,8,precip,9.581
1909,9,precip,4.588
1909,10,precip,4.342
1909,11,precip,4.085
1909,12,precip,11.9
1910,1,precip,9.562
1910,2,precip,14.172
1910,3,precip,3.169
1910,4,precip,8.297
1910,5,precip,12.863
1910,6,precip,16.383
1910,7,precip,15.822
1910,8,precip,8.91
1910,9,precip,6.036
1910,10,precip,8.509
1910,11,precip,3.908
1910,12,precip,8.733
1911,1,precip,12.823
1911,2,precip,10.6
1911,3,precip,5.86
1911,4,precip,16.816
1911,5,precip,7.275
1911,6,precip,10.386
1911,7,precip,15.971
1911,8,precip,11.798
1911,9,precip,5.75
1911,10,precip,6.894
1911,11,precip,12.38
1911,12,precip,16.527
1912,1,precip,17.678
1912,2,precip,13.707
1912,3,precip,25.4
1912,4,precip,23.751
1912,5,precip,7.683
1912,6,precip,14.43
1912,7,precip,14.112
1912,8,precip,15.617
1912,9,precip,10.029
1912,10,precip,7.448
1912,11,precip,3.044
1912,12,precip,14.616
1913,1,precip,18.892
1913,2,precip,14.602
1913,3,precip,22.22
1913,4,precip,5.608
1913,5,precip,8.67
1913,6,precip,10.679
1913,7,precip,11.981
1913,8,precip,7.401
1913,9,precip,16.12
1913,10,precip,6.253
1913,11,precip,3.057
1913,12,precip,8.78
1914,1,precip,4.571
1914,2,precip,10.846
1914,3,precip,10.095
1914,4,precip,12.974
1914,5,precip,2.483
1914,6,precip,6.662
1914,7,precip,10.174
1914,8,precip,15.882
1914,9,precip,7.655
1914,10,precip,8.972
1914,11,precip,8.451
1914,12,precip,12.207
1915,1,precip,15.707
1915,2,precip,12.402
1915,3,precip,8.031
1915,4,precip,1.303
1915,5,precip,17.506
1915,6,precip,9.154
1915,7,precip,15.372
1915,8,precip,14.066
1915,9,precip,11.386
1915,10,precip,14.249
1915,11,precip,8.333
1915,12,precip,19.724
1916,1,precip,10.096
1916,2,precip,14.362
1916,3,precip,6.882
1916,4,precip,7.443
1916,5,precip,10.932
1916,6,precip,7.918
1916,7,precip,42.667
1916,8,precip,7.672
1916,9,precip,5.802
1916,10,precip,3.787
1916,11,precip,8.55
1916,12,precip,10.414
1917,1,precip,23.404
1917,2,precip,17.415
1917,3,precip,28.901
1917,4,precip,10.594
1917,5,precip,7.525
1917,6,precip,11.285
1917,7,precip,15.697
1917,8,precip,20.53
1917,9,precip,14.989
1917,10,precip,4.531
1917,11,precip,4.44
1917,12,precip,3.907
1918,1,precip,23.241
1918,2,precip,5.846
1918,3,precip,1.527
1918,4,precip,16.124
1918,5,precip,4.771
1918,6,precip,13.788
1918,7,precip,11.66
1918,8,precip,9.745
1918,9,precip,12.896
1918,10,precip,23.949
1918,11,precip,12.367
1918,12,precip,16.758
1919,1,precip,16.728
1919,2,precip,18.484
1919,3,precip,19.045
1919,4,precip,7.592
1919,5,precip,13.32
1919,6,precip,11.518
1919,7,precip,14.644
1919,8,precip,16.194
1919,9,precip,0.899
1919,10,precip,10.617
1919,11,precip,9.656
1919,12,precip,22.806
1920,1,precip,20.368
1920,2,precip,11.417
1920,3,precip,26.02
1920,4,precip,25.126
1920,5,precip,18.015
1920,6,precip,13.91
1920,7,precip,13.61
1920,8,precip,17.122
1920,9,precip,6.569
1920,10,precip,2.396
1920,11,precip,8.873
1920,12,precip,22.52
1921,1,precip,12.498
1921,2,precip,17.117
1921,3,precip,11.161
1921,4,precip,15.867
1921,5,precip,5.381
1921,6,precip,3.977
1921,7,precip,13.372
1921,8,precip,8.247
1921,9,precip,6.471
1921,10,precip,9.221
1921,11,precip,10.595
1921,12,precip,8.373
1922,1,precip,18.782
1922,2,precip,17.792
1922,3,precip,27.152
1922,4,precip,14.513
1922,5,precip,19.891
1922,6,precip,12.282
1922,7,precip,9.183
1922,8,precip,6.575
1922,9,precip,3.427
1922,10,precip,6.601
1922,11,precip,5.83
1922,12,precip,16.011
1923,1,precip,8.983
1923,2,precip,22.477
1923,3,precip,14.352
1923,4,precip,16.768
1923,5,precip,23.274
1923,6,precip,7.362
1923,7,precip,11.323
1923,8,precip,13.908
1923,9,precip,2.247
1923,10,precip,3.286
1923,11,precip,13.894
1923,12,precip,12.721
1924,1,precip,16.317
1924,2,precip,14.047
1924,3,precip,7.824
1924,4,precip,16.587
1924,5,precip,9.402
1924,6,precip,12.496
1924,7,precip,8.126
1924,8,precip,7.527
1924,9,precip,9.21
1924,10,precip,0.632
1924,11,precip,0.629
1924,12,precip,19.626
1925,1,precip,24.682
1925,2,precip,9.345
1925,3,precip,10.275
1925,4,precip,4.06
1925,5,precip,4.786
1925,6,precip,5.434
1925,7,precip,9.003
1925,8,precip,2.604
1925,9,precip,6.993
1925,10,precip,16.236
1925,11,precip,11.483
1925,12,precip,9.84
1926,1,precip,20.846
1926,2,precip,12.15
1926,3,precip,13.69
1926,4,precip,5.278
1926,5,precip,8.05
1926,6,precip,11.029
1926,7,precip,14.172
1926,8,precip,15.299
1926,9,precip,8.096
1926,10,precip,8.933
1926,11,precip,13.132
1926,12,precip,15.429
1927,1,precip,2.841
1927,2,precip,16.412
1927,3,precip,12.436
1927,4,precip,5.419
1927,5,precip,7.183
1927,6,precip,15.108
1927,7,precip,8.828
1927,8,precip,8.674
1927,9,precip,2.497
1927,10,precip,7.943
1927,11,precip,10.774
1927,12,precip,17.824
1928,1,precip,5.087
1928,2,precip,7.461
1928,3,precip,17.887
1928,4,precip,23.963
1928,5,precip,12.152
1928,6,precip,26.473
1928,7,precip,11.715
1928,8,precip,11.75
1928,9,precip,5.707
1928,10,precip,7.987
1928,11,precip,7.339
1928,12,precip,3.958
1929,1,precip,14.482
1929,2,precip,22.829
1929,3,precip,36.983
1929,4,precip,13.595
1929,5,precip,17.311
1929,6,precip,13.139
1929,7,precip,9.47
1929,8,precip,4.687
1929,9,precip,15.221
1929,10,precip,10.497
1929,11,precip,35.982
1929,12,precip,8.016
1930,1,precip,10.212
1930,2,precip,4.401
1930,3,precip,14.689
1930,4,precip,4.061
1930,5,precip,13.609
1930,6,precip,3.755
1930,7,precip,9.816
1930,8,precip,6.414
1930,9,precip,15.934
1930,10,precip,4.316
1930,11,precip,15.073
1930,12,precip,6.548
1931,1,precip,7.973
1931,2,precip,7.564
1931,3,precip,8.395
1931,4,precip,8.926
1931,5,precip,7.801
1931,6,precip,3.137
1931,7,precip,10.835
1931,8,precip,9.869
1931,9,precip,1.989
1931,10,precip,3.366
1931,11,precip,7.016
1931,12,precip,25.352
1932,1,precip,20.84
1932,2,precip,17.888
1932,3,precip,13.654
1932,4,precip,8.142
1932,5,precip,9.904
1932,6,precip,13.518
1932,7,precip,11.447
1932,8,precip,13.43
1932,9,precip,8.223
1932,10,precip,16.588
1932,11,precip,10.501
1932,12,precip,28.777
1933,1,precip,8.046
1933,2,precip,17.951
1933,3,precip,16.349
1933,4,precip,11.079
1933,5,precip,6.793
1933,6,precip,7.599
1933,7,precip,14.136
1933,8,precip,10.78
1933,9,precip,7.142
1933,10,precip,5.618
1933,11,precip,4.769
1933,12,precip,7.365
1934,1,precip,12.149
1934,2,precip,11.578
1934,3,precip,15.926
1934,4,precip,8.977
1934,5,precip,8.061
1934,6,precip,17.27
1934,7,precip,18.155
1934,8,precip,18.187
1934,9,precip,4.232
1934,10,precip,24.463
1934,11,precip,8.165
1934,12,precip,9.398
1935,1,precip,6.784
1935,2,precip,11.162
1935,3,precip,16.726
1935,4,precip,12.1
1935,5,precip,10.285
1935,6,precip,14.497
1935,7,precip,9.014
1935,8,precip,13.865
1935,9,precip,6.316
1935,10,precip,6.394
1935,11,precip,8.84
1935,12,precip,11.396
1936,1,precip,29.238
1936,2,precip,20.089
1936,3,precip,9.752
1936,4,precip,18.876
1936,5,precip,2.411
1936,6,precip,5.192
1936,7,precip,12.425
1936,8,precip,16.968
1936,9,precip,7.64
1936,10,precip,4.2
1936,11,precip,3.506
1936,12,precip,22.578
1937,1,precip,28.093
1937,2,precip,13.173
1937,3,precip,12.272
1937,4,precip,18.302
1937,5,precip,10.732
1937,6,precip,8.246
1937,7,precip,13.451
1937,8,precip,10.718
1937,9,precip,6.198
1937,10,precip,15.871
1937,11,precip,5.754
1937,12,precip,4.403
1938,1,precip,8.556
1938,2,precip,6.377
1938,3,precip,18.753
1938,4,precip,32.618
1938,5,precip,9.364
1938,6,precip,12.248
1938,7,precip,18.364
1938,8,precip,10.725
1938,9,precip,3.58
1938,10,precip,1.378
1938,11,precip,9.722
1938,12,precip,6.3
1939,1,precip,12.236
1939,2,precip,23.967
1939,3,precip,14.04
1939,4,precip,9.248
1939,5,precip,13.882
1939,6,precip,14.963
1939,7,precip,10.37
1939,8,precip,27.481
1939,9,precip,8.135
1939,10,precip,0.578
1939,11,precip,1.994
1939,12,precip,9.087
1940,1,precip,14.248
1940,2,precip,17.011
1940,3,precip,14.614
1940,4,precip,6.248
1940,5,precip,8.736
1940,6,precip,13.013
1940,7,precip,24.507
1940,8,precip,8.573
1940,9,precip,2.412
1940,10,precip,6.541
1940,11,precip,7.637
1940,12,precip,13.036
1941,1,precip,5.155
1941,2,precip,7.18
1941,3,precip,14.008
1941,4,precip,7.862
1941,5,precip,2.82
1941,6,precip,11.663
1941,7,precip,22.221
1941,8,precip,17.384
1941,9,precip,4.705
1941,10,precip,4.676
1941,11,precip,7.011
1941,12,precip,17.519
1942,1,precip,7.132
1942,2,precip,12.567
1942,3,precip,21.284
1942,4,precip,3.616
1942,5,precip,9.877
1942,6,precip,15.552
1942,7,precip,9.468
1942,8,precip,16.956
1942,9,precip,9.394
1942,10,precip,5.446
1942,11,precip,3.347
1942,12,precip,21.67
1943,1,precip,8.982
1943,2,precip,5.658
1943,3,precip,24.184
1943,4,precip,14.19
1943,5,precip,9.664
1943,6,precip,9.792
1943,7,precip,11.808
1943,8,precip,9.489
1943,9,precip,9.096
1943,10,precip,1.756
1943,11,precip,7.218
1943,12,precip,8.157
1944,1,precip,8.412
1944,2,precip,22.348
1944,3,precip,22.264
1944,4,precip,23.751
1944,5,precip,5.524
1944,6,precip,8.008
1944,7,precip,6.354
1944,8,precip,9.098
1944,9,precip,8.292
1944,10,precip,1.391
1944,11,precip,8.322
1944,12,precip,7.892
1945,1,precip,9.32
1945,2,precip,21.401
1945,3,precip,12.923
1945,4,precip,19.64
1945,5,precip,13.288
1945,6,precip,9.583
1945,7,precip,9.131
1945,8,precip,6.05
1945,9,precip,7.755
1945,10,precip,12.289
1945,11,precip,9.087
1945,12,precip,15.623
1946,1,precip,25.542
1946,2,precip,19.964
1946,3,precip,18.495
1946,4,precip,5.649
1946,5,precip,14.195
1946,6,precip,15.32
1946,7,precip,12.03
1946,8,precip,8.402
1946,9,precip,13.245
1946,10,precip,2.865
1946,11,precip,9.038
1946,12,precip,6.26
1947,1,precip,28.487
1947,2,precip,5.45
1947,3,precip,15.301
1947,4,precip,16.995
1947,5,precip,11.946
1947,6,precip,14.059
1947,7,precip,6.248
1947,8,precip,10.876
1947,9,precip,3.222
1947,10,precip,4.837
1947,11,precip,18.116
1947,12,precip,10.08
1948,1,precip,11.662
1948,2,precip,17.332
1948,3,precip,22.218
1948,4,precip,9.869
1948,5,precip,6.854
1948,6,precip,10.444
1948,7,precip,18.311
1948,8,precip,13.002
1948,9,precip,9.417
1948,10,precip,1.69
1948,11,precip,40.25
1948,12,precip,10.529
1949,1,precip,15.06
1949,2,precip,15.336
1949,3,precip,13.455
1949,4,precip,13.925
1949,5,precip,11.803
1949,6,precip,11.136
1949,7,precip,10.729
1949,8,precip,9.934
1949,9,precip,4.087
1949,10,precip,6.701
1949,11,precip,1.944
1949,12,precip,8.199
1950,1,precip,9.467
1950,2,precip,11.677
1950,3,precip,15.229
1950,4,precip,5.317
1950,5,precip,12.044
1950,6,precip,10.117
1950,7,precip,24.782
1950,8,precip,8.607
1950,9,precip,12.188
1950,10,precip,7.01
1950,11,precip,3.05
1950,12,precip,7.089
1951,1,precip,8.023
1951,2,precip,8.021
1951,3,precip,24.756
1951,4,precip,15.236
1951,5,precip,2.828
1951,6,precip,15.56
1951,7,precip,10.886
1951,8,precip,4.642
1951,9,precip,15.348
1951,10,precip,6.688
1951,11,precip,7.302
1951,12,precip,21.546
1952,1,precip,11.184
1952,2,precip,9.021
1952,3,precip,18.799
1952,4,precip,6.222
1952,5,precip,11.82
1952,6,precip,5.941
1952,7,precip,3.882
1952,8,precip,18.323
1952,9,precip,5.754
1952,10,precip,5.429
1952,11,precip,7.344
1952,12,precip,15.189
1953,1,precip,17.016
1953,2,precip,17.431
1953,3,precip,9.228
1953,4,precip,19.116
1953,5,precip,11.821
1953,6,precip,13.004
1953,7,precip,14.785
1953,8,precip,5.894
1953,9,precip,11.064
1953,10,precip,0.945
1953,11,precip,4.717
1953,12,precip,20.756
1954,1,precip,10.249
1954,2,precip,8.464
1954,3,precip,7.967
1954,4,precip,9.896
1954,5,precip,4.24
1954,6,precip,8.306
1954,7,precip,9.189
1954,8,precip,5.162
1954,9,precip,1.281
1954,10,precip,2.027
1954,11,precip,8.583
1954,12,precip,11.002
1955,1,precip,12.446
1955,2,precip,14.67
1955,3,precip,9.268
1955,4,precip,21.204
1955,5,precip,14.05
1955,6,precip,7.999
1955,7,precip,13.658
1955,8,precip,4.963
1955,9,precip,1.161
1955,10,precip,6.515
1955,11,precip,10.436
1955,12,precip,5.096
1956,1,precip,5.742
1956,2,precip,23.949
1956,3,precip,22.407
1956,4,precip,14.91
1956,5,precip,6.162
1956,6,precip,7.574
1956,7,precip,10.111
1956,8,precip,6.61
1956,9,precip,7.175
1956,10,precip,6.142
1956,11,precip,7.549
1956,12,precip,11.701
1957,1,precip,15.806
1957,2,precip,8.523
1957,3,precip,13.695
1957,4,precip,21.17
1957,5,precip,15.479
1957,6,precip,15.273
1957,7,precip,5.596
1957,8,precip,3.84
1957,9,precip,19.043
1957,10,precip,7.354
1957,11,precip,15.405
1957,12,precip,10.431
1958,1,precip,6.696
1958,2,precip,12.071
1958,3,precip,14.41
1958,4,precip,9.719
1958,5,precip,3.589
1958,6,precip,12.902
1958,7,precip,17.001
1958,8,precip,6.19
1958,9,precip,9.886
1958,10,precip,6.85
1958,11,precip,9.165
1958,12,precip,4.935
1959,1,precip,11.675
1959,2,precip,10.366
1959,3,precip,16.158
1959,4,precip,7.935
1959,5,precip,17.651
1959,6,precip,6.09
1959,7,precip,9.607
1959,8,precip,11.671
1959,9,precip,10.614
1959,10,precip,14.318
1959,11,precip,4.776
1959,12,precip,5.844
1960,1,precip,17.272
1960,2,precip,11.668
1960,3,precip,17.764
1960,4,precip,6.144
1960,5,precip,4.113
1960,6,precip,7.441
1960,7,precip,8.934
1960,8,precip,12.344
1960,9,precip,13.787
1960,10,precip,9.425
1960,11,precip,5.89
1960,12,precip,5.828
1961,1,precip,6.623
1961,2,precip,37.23
1961,3,precip,22.33
1961,4,precip,13.09
1961,5,precip,7.901
1961,6,precip,16.312
1961,7,precip,11.85
1961,8,precip,9.741
1961,9,precip,8.733
1961,10,precip,3.701
1961,11,precip,8.47
1961,12,precip,36.417
1962,1,precip,18.387
1962,2,precip,14.054
1962,3,precip,11.699
1962,4,precip,14.362
1962,5,precip,2.694
1962,6,precip,12.688
1962,7,precip,12.009
1962,8,precip,7.311
1962,9,precip,9.469
1962,10,precip,6.594
1962,11,precip,15.258
1962,12,precip,7.331
1963,1,precip,16.726
1963,2,precip,8.777
1963,3,precip,17.636
1963,4,precip,15.879
1963,5,precip,7.669
1963,6,precip,17.471
1963,7,precip,12.302
1963,8,precip,7.814
1963,9,precip,10.235
1963,10,precip,0
1963,11,precip,11.205
1963,12,precip,13.287
1964,1,precip,17.494
1964,2,precip,11.772
1964,3,precip,24.249
1964,4,precip,25.744
1964,5,precip,5.971
1964,6,precip,10.595
1964,7,precip,14.669
1964,8,precip,8.808
1964,9,precip,9.45
1964,10,precip,11.59
1964,11,precip,8.001
1964,12,precip,14.424
1965,1,precip,9.53
1965,2,precip,15.1
1965,3,precip,16.506
1965,4,precip,7.357
1965,5,precip,2.697
1965,6,precip,16.956
1965,7,precip,14.604
1965,8,precip,7.317
1965,9,precip,8.7
1965,10,precip,7.951
1965,11,precip,5.761
1965,12,precip,6.863
1966,1,precip,14.411
1966,2,precip,24.24
1966,3,precip,12.017
1966,4,precip,14.933
1966,5,precip,14.251
1966,6,precip,4.79
1966,7,precip,12.891
1966,8,precip,14.36
1966,9,precip,12.819
1966,10,precip,11.968
1966,11,precip,9.419
1966,12,precip,10.43
1967,1,precip,8.505
1967,2,precip,12.287
1967,3,precip,4.987
1967,4,precip,4.784
1967,5,precip,18.582
1967,6,precip,12.667
1967,7,precip,15.761
1967,8,precip,18.83
1967,9,precip,8.951
1967,10,precip,8.587
1967,11,precip,14.734
1967,12,precip,20.207
1968,1,precip,14.778
1968,2,precip,3.788
1968,3,precip,8.42
1968,4,precip,19.789
1968,5,precip,12.088
1968,6,precip,4.373
1968,7,precip,12.499
1968,8,precip,8.163
1968,9,precip,4.397
1968,10,precip,3.966
1968,11,precip,12.185
1968,12,precip,17.873
1969,1,precip,12.202
1969,2,precip,9.79
1969,3,precip,11.736
1969,4,precip,12.066
1969,5,precip,17.68
1969,6,precip,6.898
1969,7,precip,9.837
1969,8,precip,11.336
1969,9,precip,13.796
1969,10,precip,5.536
1969,11,precip,4.712
1969,12,precip,14.459
1970,1,precip,8.018
1970,2,precip,8.99
1970,3,precip,21.818
1970,4,precip,13.969
1970,5,precip,7.802
1970,6,precip,10.172
1970,7,precip,9.637
1970,8,precip,15.16
1970,9,precip,3.183
1970,10,precip,20.105
1970,11,precip,5.847
1970,12,precip,10.084
1971,1,precip,11.242
1971,2,precip,19.472
1971,3,precip,25.931
1971,4,precip,10.789
1971,5,precip,8.196
1971,6,precip,12.417
1971,7,precip,22.207
1971,8,precip,8.74
1971,9,precip,11.731
1971,10,precip,2.808
1971,11,precip,6.576
1971,12,precip,15.921
1972,1,precip,34.193
1972,2,precip,9.604
1972,3,precip,16.93
1972,4,precip,6.308
1972,5,precip,10.4
1972,6,precip,11.954
1972,7,precip,8.87
1972,8,precip,6.266
1972,9,precip,14.081
1972,10,precip,12.665
1972,11,precip,13.184
1972,12,precip,19.595
1973,1,precip,17.803
1973,2,precip,7.259
1973,3,precip,27.318
1973,4,precip,15.579
1973,5,precip,19.994
1973,6,precip,13.578
1973,7,precip,11.552
1973,8,precip,7.897
1973,9,precip,6.812
1973,10,precip,4.644
1973,11,precip,12.418
1973,12,precip,17.119
1974,1,precip,17.047
1974,2,precip,14.951
1974,3,precip,7.415
1974,4,precip,16.286
1974,5,precip,14.166
1974,6,precip,5.762
1974,7,precip,12.225
1974,8,precip,20.46
1974,9,precip,12.198
1974,10,precip,2.845
1974,11,precip,10.698
1974,12,precip,15.299
1975,1,precip,17.069
1975,2,precip,20.148
1975,3,precip,20.08
1975,4,precip,15.083
1975,5,precip,12.397
1975,6,precip,13.673
1975,7,precip,19.087
1975,8,precip,12.35
1975,9,precip,20.328
1975,10,precip,12.383
1975,11,precip,7.664
1975,12,precip,11.922
1976,1,precip,16.387
1976,2,precip,4.716
1976,3,precip,39.271
1976,4,precip,3.834
1976,5,precip,20.743
1976,6,precip,10.703
1976,7,precip,10.757
1976,8,precip,8.073
1976,9,precip,8.078
1976,10,precip,6.446
1976,11,precip,8.983
1976,12,precip,12.171
1977,1,precip,13.191
1977,2,precip,10.678
1977,3,precip,34.863
1977,4,precip,10.442
1977,5,precip,5.871
1977,6,precip,6.875
1977,7,precip,12.341
1977,8,precip,9.437
1977,9,precip,14.361
1977,10,precip,14.773
1977,11,precip,12.915
1977,12,precip,6.258
1978,1,precip,18.091
1978,2,precip,4.105
1978,3,precip,9.411
1978,4,precip,8.387
1978,5,precip,18.936
1978,6,precip,11.179
1978,7,precip,7.426
1978,8,precip,9.484
1978,9,precip,3.104
1978,10,precip,0.505
1978,11,precip,6.575
1978,12,precip,13.053
1979,1,precip,18.757
1979,2,precip,14.977
1979,3,precip,17.863
1979,4,precip,41.074
1979,5,precip,14.538
1979,6,precip,5.43
1979,7,precip,17.863
1979,8,precip,9.648
1979,9,precip,20.661
1979,10,precip,6.467
1979,11,precip,13.391
1979,12,precip,3.522
1980,1,precip,17.007
1980,2,precip,8.359
1980,3,precip,34.974
1980,4,precip,15.801
1980,5,precip,15.832
1980,6,precip,6.806
1980,7,precip,7.825
1980,8,precip,7.105
1980,9,precip,13.976
1980,10,precip,10.829
1980,11,precip,5.626
1980,12,precip,2.261
1981,1,precip,3.133
1981,2,precip,19.17
1981,3,precip,15.411
1981,4,precip,7.848
1981,5,precip,11.46
1981,6,precip,7.065
1981,7,precip,10.926
1981,8,precip,11.379
1981,9,precip,5.045
1981,10,precip,10.383
1981,11,precip,2.636
1981,12,precip,12.871
1982,1,precip,23.111
1982,2,precip,21.506
1982,3,precip,4.778
1982,4,precip,23.479
1982,5,precip,5.814
1982,6,precip,17.648
1982,7,precip,13.946
1982,8,precip,10.554
1982,9,precip,4.397
1982,10,precip,12.938
1982,11,precip,14.478
1982,12,precip,22.032
1983,1,precip,12.279
1983,2,precip,21.048
1983,3,precip,18.935
1983,4,precip,23.665
1983,5,precip,20.802
1983,6,precip,13.908
1983,7,precip,3.541
1983,8,precip,8.99
1983,9,precip,15.958
1983,10,precip,8.799
1983,11,precip,21.589
1983,12,precip,33.05
1984,1,precip,11.296
1984,2,precip,10.594
1984,3,precip,11.171
1984,4,precip,14.338
1984,5,precip,15.279
1984,6,precip,5.834
1984,7,precip,18.595
1984,8,precip,17.682
1984,9,precip,1.103
1984,10,precip,13.234
1984,11,precip,10.102
1984,12,precip,8.279
1985,1,precip,9.767
1985,2,precip,15.443
1985,3,precip,3.877
1985,4,precip,6.892
1985,5,precip,12.519
1985,6,precip,11.389
1985,7,precip,19.845
1985,8,precip,9.475
1985,9,precip,2.087
1985,10,precip,12.159
1985,11,precip,7.808
1985,12,precip,7.462
1986,1,precip,4.513
1986,2,precip,7.95
1986,3,precip,8.424
1986,4,precip,0.644
1986,5,precip,10.972
1986,6,precip,7.821
1986,7,precip,7.392
1986,8,precip,10.682
1986,9,precip,8.146
1986,10,precip,7.107
1986,11,precip,25.832
1986,12,precip,6.455
1987,1,precip,15.131
1987,2,precip,20.004
1987,3,precip,14.6
1987,4,precip,3.36
1987,5,precip,10.241
1987,6,precip,13.118
1987,7,precip,6.416
1987,8,precip,8.184
1987,9,precip,4.671
1987,10,precip,3.283
1987,11,precip,8.672
1987,12,precip,8.222
1988,1,precip,17.277
1988,2,precip,6.156
1988,3,precip,6.362
1988,4,precip,11.818
1988,5,precip,8.66
1988,6,precip,0.965
1988,7,precip,11.733
1988,8,precip,6.08
1988,9,precip,24.129
1988,10,precip,8.88
1988,11,precip,14.424
1988,12,precip,5.286
1989,1,precip,9.955
1989,2,precip,11.514
1989,3,precip,18.858
1989,4,precip,12.118
1989,5,precip,8.145
1989,6,precip,27.329
1989,7,precip,17.908
1989,8,precip,7.519
1989,9,precip,11.385
1989,10,precip,6.346
1989,11,precip,14.033
1989,12,precip,12.492
1990,1,precip,21.88
1990,2,precip,21.923
1990,3,precip,23.454
1990,4,precip,6.192
1990,5,precip,7.042
1990,6,precip,7.606
1990,7,precip,9.278
1990,8,precip,4.82
1990,9,precip,2.933
1990,10,precip,9.785
1990,11,precip,8.795
1990,12,precip,9.959
1991,1,precip,13.785
1991,2,precip,14.074
1991,3,precip,16.204
1991,4,precip,13.56
1991,5,precip,19.952
1991,6,precip,12.13
1991,7,precip,8.022
1991,8,precip,8.91
1991,9,precip,7.16
1991,10,precip,1.721
1991,11,precip,11.512
1991,12,precip,10.707
1992,1,precip,12.71
1992,2,precip,18.382
1992,3,precip,10.871
1992,4,precip,9.494
1992,5,precip,5.325
1992,6,precip,9.315
1992,7,precip,14.755
1992,8,precip,11.589
1992,9,precip,9.669
1992,10,precip,8.264
1992,11,precip,26.925
1992,12,precip,16.707
1993,1,precip,19.355
1993,2,precip,9.755
1993,3,precip,10.904
1993,4,precip,8.215
1993,5,precip,9.684
1993,6,precip,11.679
1993,7,precip,2.12
1993,8,precip,12.123
1993,9,precip,8.103
1993,10,precip,6.714
1993,11,precip,9.204
1993,12,precip,10.386
1994,1,precip,8.444
1994,2,precip,13.672
1994,3,precip,18.353
1994,4,precip,15.259
1994,5,precip,6.431
1994,6,precip,18.598
1994,7,precip,15.416
1994,8,precip,9.854
1994,9,precip,9.234
1994,10,precip,11.94
1994,11,precip,10.326
1994,12,precip,10.368
1995,1,precip,10.307
1995,2,precip,20.91
1995,3,precip,13.479
1995,4,precip,12.845
1995,5,precip,4.091
1995,6,precip,8.426
1995,7,precip,6.626
1995,8,precip,8.337
1995,9,precip,10.243
1995,10,precip,27.52
1995,11,precip,16.607
1995,12,precip,13.623
1996,1,precip,22.022
1996,2,precip,11.952
1996,3,precip,23.165
1996,4,precip,7.969
1996,5,precip,11.497
1996,6,precip,8.46
1996,7,precip,16.568
1996,8,precip,11.208
1996,9,precip,12.06
1996,10,precip,7.975
1996,11,precip,10.466
1996,12,precip,12.753
1997,1,precip,17.973
1997,2,precip,16.058
1997,3,precip,9.611
1997,4,precip,18.491
1997,5,precip,6.54
1997,6,precip,25.895
1997,7,precip,11.697
1997,8,precip,4.242
1997,9,precip,10.622
1997,10,precip,9.809
1997,11,precip,11.511
1997,12,precip,11.539
1998,1,precip,17.204
1998,2,precip,24.665
1998,3,precip,14.831
1998,4,precip,18.228
1998,5,precip,7.747
1998,6,precip,5.841
1998,7,precip,13.62
1998,8,precip,8.236
1998,9,precip,6.83
1998,10,precip,2.206
1998,11,precip,10.661
1998,12,precip,10.499
1999,1,precip,20.024
1999,2,precip,6.808
1999,3,precip,12.929
1999,4,precip,5.9
1999,5,precip,9.782
1999,6,precip,19.557
1999,7,precip,14.247
1999,8,precip,6.481
1999,9,precip,4.381
1999,10,precip,5.365
1999,11,precip,5.196
1999,12,precip,6.513
2000,1,precip,13.787
2000,2,precip,6.716
2000,3,precip,13.35
2000,4,precip,16.641
2000,5,precip,4.835
2000,6,precip,5.3
2000,7,precip,6.106
2000,8,precip,8.208
2000,9,precip,5.695
2000,10,precip,3.152
2000,11,precip,19.953
2000,12,precip,5.078
2001,1,precip,13.601
2001,2,precip,11.402
2001,3,precip,24.09
2001,4,precip,15.133
2001,5,precip,14.134
2001,6,precip,18.449
2001,7,precip,8.533
2001,8,precip,8.778
2001,9,precip,14.795
2001,10,precip,7.802
2001,11,precip,6.62
2001,12,precip,10.774
2002,1,precip,18.301
2002,2,precip,6.637
2002,3,precip,17.025
2002,4,precip,3.853
2002,5,precip,11.523
2002,6,precip,15.325
2002,7,precip,24.746
2002,8,precip,7.831
2002,9,precip,18.674
2002,10,precip,13.02
2002,11,precip,14.78
2002,12,precip,18.124
2003,1,precip,7.231
2003,2,precip,15.485
2003,3,precip,12.78
2003,4,precip,14.557
2003,5,precip,39.369
2003,6,precip,19.883
2003,7,precip,18.765
2003,8,precip,13.369
2003,9,precip,5.301
2003,10,precip,2.533
2003,11,precip,15.106
2003,12,precip,8.222
2004,1,precip,6.14
2004,2,precip,14.251
2004,3,precip,6.618
2004,4,precip,9.164
2004,5,precip,12.247
2004,6,precip,12.544
2004,7,precip,9.901
2004,8,precip,6.742
2004,9,precip,20.208
2004,10,precip,8.918
2004,11,precip,18.707
2004,12,precip,10.487
2005,1,precip,7.002
2005,2,precip,14.633
2005,3,precip,17.932
2005,4,precip,14.966
2005,5,precip,6.606
2005,6,precip,9.343
2005,7,precip,20.393
2005,8,precip,15.348
2005,9,precip,3.37
2005,10,precip,5.524
2005,11,precip,11.665
2005,12,precip,10.4
2006,1,precip,14.467
2006,2,precip,13.132
2006,3,precip,12.015
2006,4,precip,13.286
2006,5,precip,13.971
2006,6,precip,1.685
2006,7,precip,8.606
2006,8,precip,9.234
2006,9,precip,15.121
2006,10,precip,11.833
2006,11,precip,13.343
2006,12,precip,7.244
2007,1,precip,9.963
2007,2,precip,5.999
2007,3,precip,2.689
2007,4,precip,3.276
2007,5,precip,0.915
2007,6,precip,3.763
2007,7,precip,6.814
2007,8,precip,3.49
2007,9,precip,6.85
2007,10,precip,5.694
2007,11,precip,5.76
2007,12,precip,8.708
2008,1,precip,8.269
2008,2,precip,19.663
2008,3,precip,13.222
2008,4,precip,11.83
2008,5,precip,12.395
2008,6,precip,7.098
2008,7,precip,11.033
2008,8,precip,20.503
2008,9,precip,4.306
2008,10,precip,12.389
2008,11,precip,6.663
2008,12,precip,17.085
2009,1,precip,12.491
2009,2,precip,15.065
2009,3,precip,16.882
2009,4,precip,9.472
2009,5,precip,18.112
2009,6,precip,7.494
2009,7,precip,15.532
2009,8,precip,12.464
2009,9,precip,22.952
2009,10,precip,20.434
2009,11,precip,15.724
2009,12,precip,23.297
2010,1,precip,12.942
2010,2,precip,12
2010,3,precip,19.796
2010,4,precip,7.509
2010,5,precip,16.738
2010,6,precip,10.432
2010,7,precip,9.078
2010,8,precip,12.22
2010,9,precip,2.224
2010,10,precip,8.844
2010,11,precip,10.269
2010,12,precip,7.56
2011,1,precip,9.703
2011,2,precip,9.858
2011,3,precip,25.315
2011,4,precip,12.211
2011,5,precip,2.377
2011,6,precip,9.348
2011,7,precip,13.542
2011,8,precip,3.931
2011,9,precip,10.11
2011,10,precip,4.508
2011,11,precip,17.983
2011,12,precip,11.947
2012,1,precip,20.055
2012,2,precip,7.904
2012,3,precip,18.195
2012,4,precip,6.572
2012,5,precip,12.969
2012,6,precip,5.964
2012,7,precip,5.961
2012,8,precip,13.57
2012,9,precip,6.636
2012,10,precip,12.448
2012,11,precip,3.777
2012,12,precip,20.341
2013,1,precip,23.453
2013,2,precip,21.998
2013,3,precip,9.904
2013,4,precip,21.574
2013,5,precip,17.847
2013,6,precip,25.794
2013,7,precip,23.592
2013,8,precip,16.832
2013,9,precip,6.695
2013,10,precip,6.377
2013,11,precip,6.49
2013,12,precip,28.367
2014,1,precip,9.194
2014,2,precip,12.62
2014,3,precip,16.882
2014,4,precip,24.594
2014,5,precip,9.392
2014,6,precip,14.04
2014,7,precip,7.737
2014,8,precip,6.825
2014,9,precip,6.795
2014,10,precip,11.658
2014,11,precip,8.972
2014,12,precip,19.557
2015,1,precip,17.542
2015,2,precip,11.363
2015,3,precip,10.9
2015,4,precip,19.19
2015,5,precip,9.692
2015,6,precip,7.343
2015,7,precip,9.98
2015,8,precip,14.06
2015,9,precip,4.907
2015,10,precip,6.818
2015,11,precip,24.613
2015,12,precip,25.723
2016,1,precip,9.396
2016,2,precip,17.798
2016,3,precip,10.919
2016,4,precip,14.599
2016,5,precip,5.062
2016,6,precip,5.18
2016,7,precip,15.479
2016,8,precip,8.003
2016,9,precip,5.091
2016,10,precip,0.031
2016,11,precip,7.682
2016,12,precip,9.085
2017,1,precip,25.261
2017,2,precip,11.465
2017,3,precip,13.689
2017,4,precip,10.282
2017,5,precip,17.872
2017,6,precip,32.955
2017,7,precip,11.185
2017,8,precip,13.268
2017,9,precip,12.535
2017,10,precip,13.745
2017,11,precip,3.023
2017,12,precip,9.91
2018,1,precip,5.011
2018,2,precip,25.741
2018,3,precip,11.054
2018,4,precip,13.415
2018,5,precip,13.337
2018,6,precip,8.427
2018,7,precip,7.997
2018,8,precip,12.009
2018,9,precip,12.869
2018,10,precip,3.479
2018,11,precip,22.266
2018,12,precip,22.77
2019,1,precip,18.948
2019,2,precip,19.818
2019,3,precip,11.941
2019,4,precip,12.502
2019,5,precip,9.211
2019,6,precip,14.061
2019,7,precip,4.918
2019,8,precip,17.416
2019,9,precip,0.365
2019,10,precip,16.086
2019,11,precip,16.222
2019,12,precip,13.875
2020,1,precip,23.496
2020,2,precip,33.628
2020,3,precip,18.842
2020,4,precip,21.104
2020,5,precip,13.99
2020,6,precip,11.763
2020,7,precip,16.479
2020,8,precip,12.623
2020,9,precip,9.457
2020,10,precip,13.274
2020,11,precip,5.811
2020,12,precip,8.278
2021,1,precip,11.388
2021,2,precip,9.418
2021,3,precip,14.036
2021,4,precip,10.435
2021,5,precip,18.866
2021,6,precip,23.197
2021,7,precip,22.433
2021,8,precip,12.775
2021,9,precip,8.162
2021,10,precip,9.493
2021,11,precip,5.05
2021,12,precip,15.308
2022,1,precip,12.461
2022,2,precip,20.033
2022,3,precip,31.242
2022,4,precip,15.151
2022,5,precip,16.187
2022,6,precip,24.306
2022,7,precip,22.898
2022,8,precip,14.986
2022,9,precip,6.792
2022,10,precip,12.254
2022,11,precip,12.044
2022,12,precip,8.25
2023,1,precip,27.736
2023,2,precip,16.516
2023,3,precip,23.278
2023,4,precip,10.706
2023,5,precip,15.828
2023,6,precip,12.231
2023,7,precip,16.257
2023,8,precip,16.154
2023,9,precip,4.499
2023,10,precip,2.995
2023,11,precip,3.58
2023,12,precip,6.993
